canonical_perturbation,target_a,target_b,original_condition_labels,total_n,minimum_lane_n,observed_rms,additive_rmse,delta_pearson,cosine,residual_over_response_rms,mean_same_sign_lane_fraction,fraction_genes_majority_lane_sign,se_undefined_lane_n_lt_2,lolo_max_rms_change
CEBPA+CEBPB,CEBPA,CEBPB,CEBPB+CEBPA,75,5,0.18116952445532147,0.10568248152288494,0.9638769300232664,0.9643973729822859,0.5833347625138106,0.592814667988107,0.6370664023785927,False,0.018565421477146838
CEBPA+CEBPE,CEBPA,CEBPE,CEBPE+CEBPA,240,24,0.1909008801020992,0.1004774138516169,0.9799116449236441,0.9801686797545488,0.526332900078191,0.6073339940535183,0.6592666005946481,False,0.009648793900417603
CEBPE+SET,CEBPE,SET,SET+CEBPE,529,58,0.06475290315939701,0.0820011399144982,0.8370806436673892,0.8368081868654526,1.266370091741564,0.6332507433102081,0.6745292368681863,False,0.005466578403310401
CBFA2T3+FEV,CBFA2T3,FEV,FEV+CBFA2T3,153,13,0.1266438470928303,0.07430203012706789,0.8491013105147399,0.8506585415278849,0.5867006714712661,0.5921209117938553,0.642418235877106,False,0.010374737334521862
CEBPA+KLF1,CEBPA,KLF1,KLF1+CEBPA,308,32,0.1392658086768967,0.07183394715059067,0.9536904488925981,0.9543386163326273,0.5158046173217494,0.600792864222002,0.669573835480674,False,0.008281821906906125
CEBPE+KLF1,CEBPE,KLF1,CEBPE+KLF1,389,38,0.051087609301856685,0.07171913951389401,0.7399660119022259,0.7428517114380052,1.4038460694086055,0.6262388503468781,0.6773042616451933,False,0.005452023797831981
CEBPE+ZC3HAV1,CEBPE,ZC3HAV1,ZC3HAV1+CEBPE,346,36,0.04209047813037377,0.0662762551707942,0.8467025924947849,0.8466028537197356,1.57461397719232,0.6202675916749256,0.6701684836471754,False,0.006708270910055701
CEBPB+CEBPE,CEBPB,CEBPE,CEBPE+CEBPB,111,9,0.14190172084534095,0.06614894320996881,0.9420554063130804,0.9428117993840786,0.4661602608897514,0.5843409316154609,0.6329038652130823,False,0.012956182944546727
DLX2+ZBTB10,DLX2,ZBTB10,ZBTB10+DLX2,74,6,0.13624945749510312,0.0654453930706882,0.8800163809821984,0.8796283707104005,0.48033507269590664,0.5887016848364718,0.6531219028741329,False,0.018163186495673587
CEBPA+JUN,CEBPA,JUN,JUN+CEBPA,70,5,0.19801195241994854,0.06378491278052559,0.9539978771347638,0.9545735181605652,0.3221265787291921,0.5772547076313181,0.6309217046580773,False,0.019688209684429255
CEBPB+FOSB,CEBPB,FOSB,FOSB+CEBPB,85,7,0.14774389772357194,0.06377389157879998,0.9013456646500108,0.9024883758311742,0.4316516117513063,0.5868681863230921,0.6338949454905848,False,0.014787205237337706
DUSP9+SNAI1,DUSP9,SNAI1,DUSP9+SNAI1,168,17,0.11147236918829438,0.06354523888320947,0.8214368912592569,0.8216943445191506,0.5700537213474988,0.5983151635282458,0.6558969276511397,False,0.01019211581179037
CEBPE+PTPN12,CEBPE,PTPN12,CEBPE+PTPN12,317,29,0.04943578250611895,0.06259172936668066,0.8617295566749907,0.861857449714454,1.266121950409773,0.6174677898909812,0.6729435084241824,False,0.007725609162351689
C3orf72+FOXL2,C3orf72,FOXL2,C3orf72+FOXL2,49,4,0.07713066112272761,0.060443909571769136,0.8054487710543393,0.8053428139321575,0.7836560544397889,0.5907581764122894,0.6346878097125868,False,0.01718687055946664
CNN1+UBASH3A,CNN1,UBASH3A,CNN1+UBASH3A,144,12,0.11038576302440738,0.060415957567409716,0.8833374930438165,0.8831605543977423,0.5473165733705274,0.5946233894945491,0.6491575817641229,False,0.009079903655958711
CEBPE+CNN1,CEBPE,CNN1,CEBPE+CNN1,194,20,0.05873557000680768,0.05970799432529215,0.8641244621417243,0.8643844335608492,1.016555969719401,0.6118929633300297,0.66798810703667,False,0.007429788781065322
FOXA3+FOXL2,FOXA3,FOXL2,FOXA3+FOXL2,113,7,0.11444782712274294,0.05753133826585388,0.8793420123200607,0.8789249166123768,0.5026861558861463,0.5881070366699702,0.6412289395441031,False,0.013509678463890952
CBFA2T3+PRDM1,CBFA2T3,PRDM1,PRDM1+CBFA2T3,109,7,0.11614728108785952,0.05724925461414639,0.876010503045327,0.8764455222089217,0.4929022365219229,0.5861744301288404,0.6372646184340932,False,0.015896915085399366
DUSP9+MAPK1,DUSP9,MAPK1,DUSP9+MAPK1,247,27,0.043403270203358615,0.05593358518961889,0.8167517196069669,0.8184822554922965,1.2886951818964705,0.6071110009910803,0.6592666005946481,False,0.006825913884551166
CEBPB+MAPK1,CEBPB,MAPK1,CEBPB+MAPK1,337,32,0.09193761167078005,0.05506218285624698,0.9615308502557147,0.9620101324136378,0.5989081275400049,0.6074578790882061,0.6705649157581764,False,0.008038181636247433
CEBPE+SPI1,CEBPE,SPI1,CEBPE+SPI1,175,14,0.16440740044204655,0.05432556725252185,0.948435255056897,0.9487087188683259,0.3304326149945517,0.586199207135778,0.6453914767096135,False,0.012814236031000391
AHR+FEV,AHR,FEV,AHR+FEV,264,27,0.12414313904782859,0.05425585365492571,0.9003388636347813,0.9014515627046527,0.43704270788595556,0.599207135777998,0.6656095143706641,False,0.008218804699528006
SNAI1+ZBTB10,SNAI1,ZBTB10,ZBTB10+SNAI1,85,7,0.1259059501301351,0.053386302957676025,0.9066379966807695,0.9069672192705049,0.42401731532541936,0.5846630327056491,0.6420218037661051,False,0.01643566736656776
CEBPB+PTPN12,CEBPB,PTPN12,CEBPB+PTPN12,266,26,0.060964895598605864,0.052147384148935785,0.8630209868429942,0.8639827241395859,0.8553673985152905,0.6102081268582755,0.6646184340931616,False,0.008138872341860708
MAP2K6+SPI1,MAP2K6,SPI1,MAP2K6+SPI1,242,25,0.04718004884918246,0.051589783277519306,0.850012329129182,0.8497540264785816,1.0934660844127815,0.6063429137760159,0.6610505450941526,False,0.0068980833516725255
CBL+UBASH3A,CBL,UBASH3A,CBL+UBASH3A,50,2,0.08073371275931326,0.05141689760626969,0.777011268551146,0.7763907139263418,0.6368702224751623,0.5747274529236868,0.6166501486620416,False,0.01885562530147637
CEBPB+JUN,CEBPB,JUN,JUN+CEBPB,52,3,0.11750777404776648,0.05094024023967118,0.9064943677478807,0.9074276329089369,0.43350527786326853,0.5790386521308226,0.6267591674925669,False,0.021079944807996003
IGDCC3+PRTG,IGDCC3,PRTG,IGDCC3+PRTG,108,10,0.07473064427285663,0.05022605230308826,0.9360237057564843,0.9358002048350452,0.6720944639484552,0.5880574826560951,0.6386521308225966,False,0.009290966185853573
CEBPE+RUNX1T1,CEBPE,RUNX1T1,CEBPE+RUNX1T1,1030,67,0.059133728815586484,0.04999762407380441,0.9636022974717622,0.9639509421769549,0.8455009530977865,0.614990089197225,0.6773042616451933,False,0.005237693546983882
CEBPB+LYL1,CEBPB,LYL1,LYL1+CEBPB,159,15,0.06740275484400436,0.04948282314378893,0.8703350544918286,0.8714648719931926,0.7341365090835088,0.600569871159564,0.6608523290386521,False,0.009372509859591253
IKZF3+MAPK1,IKZF3,MAPK1,MAPK1+IKZF3,264,26,0.08733387937573713,0.04886652391090156,0.9308083974342922,0.9312963303813924,0.5595368516800083,0.602601585728444,0.6638255698711596,False,0.007283595528763993
CDKN1A+CDKN1C,CDKN1A,CDKN1C,CDKN1C+CDKN1A,80,6,0.07823838152066266,0.048724551231149445,0.9415975715980192,0.9415185895669996,0.6227704393179625,0.5882556987115957,0.6386521308225966,False,0.013242759904471409
CEBPE+ETS2,CEBPE,ETS2,ETS2+CEBPE,320,30,0.08846189599975553,0.04806779263970275,0.9620885738208177,0.9625644524487996,0.5433728510616095,0.6005450941526264,0.6658077304261645,False,0.006489116678266788
RHOXF2BB+SET,RHOXF2BB,SET,RHOXF2BB+SET,267,22,0.09158493073357417,0.04689111672793338,0.9170138327898377,0.9169712629732922,0.5119959839718865,0.5918235877106045,0.6576808721506442,False,0.008245321338177774
CEBPE+FOSB,CEBPE,FOSB,FOSB+CEBPE,142,9,0.1335916530929352,0.04661504544111416,0.9402099291346209,0.9409698656712404,0.34893681125935055,0.5761397423191279,0.6404360753221011,False,0.012318982548064192
PLK4+STIL,PLK4,STIL,PLK4+STIL,66,5,0.06965339323549417,0.0465134991252136,0.7475308663409067,0.7463449545289443,0.6677851137553931,0.5912537165510406,0.6469772051536175,False,0.01646136104529719
DLX2+SNAI1,DLX2,SNAI1,SNAI1+DLX2,107,8,0.09707463826558659,0.046421025696162375,0.87927621027489,0.8791400711272963,0.4781993167892014,0.5805004955401387,0.6380574826560952,False,0.012514591799864307
MAPK1+PRTG,MAPK1,PRTG,MAPK1+PRTG,380,40,0.05313632119192925,0.046286030379296454,0.820890798973516,0.8213260435728412,0.871080822703374,0.6103072348860258,0.6749256689791873,False,0.006131185766624371
CDKN1B+CDKN1C,CDKN1B,CDKN1C,CDKN1C+CDKN1B,79,4,0.06954313235492068,0.04624685125667132,0.925064366049036,0.92507245614679,0.6650096090099258,0.5883795837462834,0.6434093161546085,False,0.014021959398364429
PTPN12+UBASH3A,PTPN12,UBASH3A,PTPN12+UBASH3A,255,25,0.08886230476300201,0.04595755290737759,0.90582704975745,0.9058962154406647,0.5171771431086278,0.5955401387512389,0.6614469772051537,False,0.007584306240038388
CEBPA+ZC3HAV1,CEBPA,ZC3HAV1,ZC3HAV1+CEBPA,124,11,0.16580770953414076,0.04560019847920651,0.9755902135409821,0.975816350900388,0.275018565827406,0.5739345887016848,0.6348860257680872,False,0.015885846600183974
FOSB+IKZF3,FOSB,IKZF3,FOSB+IKZF3,204,17,0.08452203149246387,0.04552617596135247,0.9404500338779115,0.9406145967586161,0.5386308771507895,0.5952923686818632,0.6576808721506442,False,0.008456927477162725
CBL+UBASH3B,CBL,UBASH3B,CBL+UBASH3B,326,32,0.10144626446525569,0.04518136069494105,0.9197239604882422,0.9196563970093301,0.44537234498580486,0.5971010901883053,0.6618434093161546,False,0.006130701926284723
FOXF1+FOXL2,FOXF1,FOXL2,FOXF1+FOXL2,173,14,0.09300731064369319,0.044894947823447336,0.8978331430701324,0.8965486521545457,0.4827034295770346,0.593607532210109,0.6521308225966304,False,0.009365040360869705
CBL+CNN1,CBL,CNN1,CBL+CNN1,288,29,0.11155104973930352,0.04440410561006236,0.920724084197691,0.9206076795798699,0.3980608493943842,0.6018334985133796,0.6596630327056492,False,0.00690013663106558
IGDCC3+MAPK1,IGDCC3,MAPK1,IGDCC3+MAPK1,293,27,0.048763539180798406,0.04418173584827339,0.8377115026789677,0.837720567828897,0.9060403857165233,0.603617443012884,0.6701684836471754,False,0.00696348773075647
COL2A1+KLF1,COL2A1,KLF1,KLF1+COL2A1,251,27,0.07519916913747816,0.04317568235425015,0.861373464103117,0.8620709346400366,0.5741510557825036,0.5953171456888008,0.6658077304261645,False,0.006282925030127672
CEBPB+OSR2,CEBPB,OSR2,CEBPB+OSR2,188,12,0.10523375266760604,0.042633509077593126,0.9581164953023478,0.9589657295513886,0.40513150958567823,0.5836719524281467,0.6556987115956392,False,0.011173940916902972
IRF1+SET,IRF1,SET,IRF1+SET,367,27,0.10107558965816124,0.04210209639719302,0.9252763518912865,0.9250455244149731,0.4165406953309179,0.5968780971258671,0.6707631318136769,False,0.007433335108064813
FEV+ISL2,FEV,ISL2,FEV+ISL2,272,25,0.10044334691037134,0.04112491420533458,0.9250121253243246,0.9258601151604681,0.409433929377439,0.5995787908820615,0.6646184340931616,False,0.00797344599228916
CNN1+UBASH3B,CNN1,UBASH3B,UBASH3B+CNN1,355,34,0.10911585774764242,0.040223959390483975,0.9449077586213412,0.944908382426003,0.36863532231503776,0.5985629335976214,0.6689791873141725,False,0.006074509228979675
KLF1+SET,KLF1,SET,SET+KLF1,541,51,0.0725915294208938,0.04011476236798699,0.8893652521642242,0.8893566861791067,0.5526094117041828,0.5971506442021803,0.6713577799801784,False,0.004666494947031182
CLDN6+KLF1,CLDN6,KLF1,KLF1+CLDN6,215,24,0.09286739991680766,0.039934192474369294,0.9253634350049991,0.9248490009833022,0.4300130348232327,0.5880822596630327,0.6614469772051537,False,0.008833517338399115
S1PR2+SGK1,S1PR2,SGK1,SGK1+S1PR2,312,34,0.09022228466311791,0.039568647599298894,0.9068035367227083,0.906291898918118,0.43856845065545336,0.5966055500495541,0.66402378592666,False,0.007642966156032971
FOXL2+HOXB9,FOXL2,HOXB9,FOXL2+HOXB9,87,8,0.09951090652377481,0.03954125304308208,0.9200651996008333,0.9205175712103689,0.39735597257005206,0.5730673934588701,0.6186323092170466,False,0.012961752547664365
PTPN12+ZBTB10,PTPN12,ZBTB10,ZBTB10+PTPN12,230,15,0.0778406592920456,0.03857653895753434,0.9212319210688518,0.9213725243813573,0.49558340471913764,0.5988354806739346,0.6584737363726462,False,0.011551891303940444
ELMSAN1+ZBTB10,ELMSAN1,ZBTB10,ZBTB10+ELMSAN1,161,15,0.09423947777132359,0.03826952749292292,0.9212232240894017,0.9211846917405284,0.4060880683760333,0.5863230921704659,0.6539147670961348,False,0.012644539021142298
FOXA3+HOXB9,FOXA3,HOXB9,FOXA3+HOXB9,301,31,0.09776196798373755,0.03727102826617793,0.9311044683786698,0.9308894497780598,0.3812426144324127,0.5936818632309218,0.6634291377601585,False,0.008976962445053388
DUSP9+PRTG,DUSP9,PRTG,DUSP9+PRTG,238,17,0.10060500570895083,0.03720737202063614,0.9723825292468607,0.9723655679878643,0.3698361901422347,0.5871159563924678,0.6566897918731417,False,0.008737676180903356
DUSP9+ETS2,DUSP9,ETS2,DUSP9+ETS2,698,65,0.06450965755348906,0.03703537653717583,0.87764184038659,0.8778797911953619,0.5741059236978192,0.5948711595639247,0.6622398414271556,False,0.0051392371968304856
OSR2+PTPN12,OSR2,PTPN12,PTPN12+OSR2,283,25,0.03512295811471166,0.03678833788518902,0.7614627469848229,0.7627735361448347,1.0474157035702467,0.5986620416253716,0.6642220019821605,False,0.006818013853835812
FOXL2+POU3F2,FOXL2,POU3F2,POU3F2+FOXL2,286,26,0.0876864517869521,0.03574797526308167,0.9155155283935785,0.9157763341300588,0.407679573464062,0.5995787908820615,0.6650148662041625,False,0.00868781095101151
FOSB+PTPN12,FOSB,PTPN12,FOSB+PTPN12,291,29,0.04061380266527509,0.0351582812701875,0.7650564798084935,0.7627106396835316,0.8656732185348387,0.597621407333994,0.6606541129831517,False,0.007191914748212113
DUSP9+IGDCC3,DUSP9,IGDCC3,DUSP9+IGDCC3,323,36,0.09562828846806662,0.03499685579333492,0.9707034566728022,0.9705710782493501,0.36596760596652844,0.5962338949454906,0.6699702675916749,False,0.0066742966300491315
ETS2+MAPK1,ETS2,MAPK1,ETS2+MAPK1,432,47,0.10128844707765149,0.034894557773664535,0.9553379661232148,0.9555928681343406,0.344506790067707,0.5961347869177404,0.6727452923686819,False,0.00594019321559788
AHR+KLF1,AHR,KLF1,AHR+KLF1,412,36,0.0654481509225572,0.03460734318380862,0.9124231278033587,0.9130982345682407,0.5287749569083844,0.5892963330029732,0.6594648166501487,False,0.0059212583372729565
FOXA1+KLF1,FOXA1,KLF1,KLF1+FOXA1,323,33,0.06514977152373701,0.03454955361420556,0.860660857590895,0.8596801787772318,0.5303096665752326,0.5892220019821606,0.6630327056491576,False,0.006337293955357245
CNN1+MAPK1,CNN1,MAPK1,CNN1+MAPK1,325,30,0.05085738649837842,0.03434388511378096,0.8698213964101198,0.8696879422137328,0.6752978766393356,0.6010406342913776,0.6703666997026759,False,0.0066947295489460925
FOXA1+FOXL2,FOXA1,FOXL2,FOXA1+FOXL2,179,14,0.07677885660342594,0.03380289966383086,0.899092183736645,0.8982020856149715,0.44026312918969085,0.5788404360753221,0.644400396432111,False,0.009825446559714906
CDKN1A+CDKN1B,CDKN1A,CDKN1B,CDKN1B+CDKN1A,98,6,0.07961229533423628,0.033761082694908864,0.9586427346106549,0.958640285972568,0.42406870136289526,0.583597621407334,0.6449950445986125,False,0.010642922557316708
OSR2+UBASH3B,OSR2,UBASH3B,UBASH3B+OSR2,677,61,0.03335470260056187,0.033605532653069134,0.7817215154535466,0.7844504966181524,1.0075200806168494,0.6019078295341923,0.6681863230921705,False,0.0050863741933681785
IKZF3+MAP2K3,IKZF3,MAP2K3,MAP2K3+IKZF3,220,24,0.09777799918364273,0.033075886029742124,0.951936879296043,0.9519403871801625,0.33827534113906665,0.591179385530228,0.6580773042616452,False,0.008551850486066426
DUSP9+KLF1,DUSP9,KLF1,DUSP9+KLF1,320,30,0.10183802524993575,0.032899781213136775,0.9524928947811783,0.9526145403055706,0.3230598897847102,0.5882804757185331,0.6626362735381566,False,0.005907398882364993
KIF18B+KIF2C,KIF18B,KIF2C,KIF18B+KIF2C,83,4,0.03570360803047401,0.03267383193270424,0.633466331100167,0.6333412767919563,0.9151408985001244,0.5860753221010901,0.6469772051536175,False,0.01410354060782383
FEV+MAP7D1,FEV,MAP7D1,FEV+MAP7D1,246,25,0.08680957817478696,0.03265904626547235,0.9263990056992686,0.9270462176557309,0.3762147789696076,0.5827304261645193,0.6491575817641229,False,0.00800952919195216
SAMD1+TGFBR2,SAMD1,TGFBR2,SAMD1+TGFBR2,59,5,0.07078626637192476,0.03253227766634254,0.8880493454433748,0.8881500489755596,0.4595845964725933,0.5719524281466799,0.6164519326065411,False,0.014625233514604133
FOXA1+HOXB9,FOXA1,HOXB9,FOXA1+HOXB9,266,26,0.08439752000760319,0.032513956760730114,0.9314421459142099,0.9312579616611427,0.38524777455310305,0.5916749256689792,0.6604558969276512,False,0.007577113675695002
ETS2+IKZF3,ETS2,IKZF3,ETS2+IKZF3,388,39,0.1063271395818934,0.03246457398306464,0.955466836428213,0.9557926762734742,0.305327258033311,0.5858275520317145,0.6541129831516352,False,0.007352632148668867
CBFA2T3+POU3F2,CBFA2T3,POU3F2,POU3F2+CBFA2T3,202,18,0.06729476441689335,0.03222968972121314,0.8800053813701935,0.8803119264730022,0.47893309383697547,0.5909563924677899,0.6580773042616452,False,0.009188099423674633
ETS2+IGDCC3,ETS2,IGDCC3,ETS2+IGDCC3,365,36,0.04882188885702463,0.032072274531495276,0.8607412473094223,0.8610818815838723,0.6569240822578422,0.5967046580773042,0.6646184340931616,False,0.006047958157281918
C19orf26+TGFBR2,C19orf26,TGFBR2,TGFBR2+C19orf26,274,26,0.05872425531223892,0.03196538895115798,0.8469630886444954,0.8469635277652046,0.5443302564025188,0.594796828543112,0.6626362735381566,False,0.006960821585783496
FOSB+OSR2,FOSB,OSR2,FOSB+OSR2,324,35,0.09682737856483004,0.03160680763470638,0.9440616289088942,0.9453158419949972,0.32642428312302474,0.5864965312190288,0.6602576808721506,False,0.007213001067586844
BPGM+ZBTB1,BPGM,ZBTB1,BPGM+ZBTB1,283,28,0.07663926204669856,0.03150893059618187,0.963465115625276,0.9631779646346021,0.41113301139281,0.5897423191278494,0.6620416253716551,False,0.0075015020005772225
IGDCC3+ZBTB25,IGDCC3,ZBTB25,IGDCC3+ZBTB25,99,5,0.09498921079125075,0.031219617223216582,0.9450542128207781,0.9450806276984173,0.32866487639133174,0.5812685827552032,0.6374628344895936,False,0.010958178051229499
FOXA1+FOXF1,FOXA1,FOXF1,FOXA1+FOXF1,237,24,0.06547628548147666,0.03115978772413626,0.8866939389662324,0.8839351597893753,0.4758942492690947,0.5884786917740337,0.6525272547076313,False,0.006780669824405611
FOXA3+FOXF1,FOXA3,FOXF1,FOXA3+FOXF1,146,12,0.06876234875049389,0.030618511988419642,0.8973187383098905,0.8954846778094036,0.4452801939549763,0.581788899900892,0.6473736372646184,False,0.010513415215053648
FOXA1+FOXA3,FOXA1,FOXA3,FOXA3+FOXA1,181,17,0.08090452044389024,0.03052319667106076,0.926983045345815,0.9261180202424147,0.3772743043725169,0.587611496531219,0.6576808721506442,False,0.00803991199815636
ETS2+PRTG,ETS2,PRTG,ETS2+PRTG,354,32,0.05579384865594924,0.03051516826957411,0.8887968893490497,0.8888547234137804,0.5469271076412885,0.5861000991080277,0.6584737363726462,False,0.006060865638516881
RHOXF2BB+ZBTB25,RHOXF2BB,ZBTB25,RHOXF2BB+ZBTB25,205,18,0.09234577676501426,0.030208192443041765,0.9504918281750254,0.9504643694531295,0.3271204542456815,0.5896679881070367,0.6588701684836472,False,0.00892497411150612
IER5L+LYL1,IER5L,LYL1,LYL1+IER5L,547,20,0.07437149328853274,0.02991981806654193,0.9188794295459868,0.9187412623145048,0.40230223629455125,0.6034192269573836,0.6691774033696729,False,0.007930871170655308
PTPN12+SNAI1,PTPN12,SNAI1,PTPN12+SNAI1,244,23,0.049206543858173,0.029602997078708747,0.8705280378497703,0.8705773736087308,0.6016069156174196,0.594400396432111,0.6574826560951437,False,0.008177786209846173
CBL+PTPN9,CBL,PTPN9,CBL+PTPN9,234,23,0.07699531095998738,0.029117846350433886,0.9255608522998149,0.9257345927640052,0.3781768784019294,0.5947472745292368,0.6620416253716551,False,0.007563631906191307
FOXF1+HOXB9,FOXF1,HOXB9,FOXF1+HOXB9,173,13,0.0751888080483648,0.0291107949609815,0.927781786326983,0.9276526290718095,0.38716925718859835,0.5809217046580774,0.645986124876115,False,0.009690350815366946
BPGM+SAMD1,BPGM,SAMD1,BPGM+SAMD1,240,16,0.07904828554875593,0.029021374849093586,0.9613918198069967,0.9613066483345046,0.36713477904835257,0.5889990089197225,0.6527254707631318,False,0.00851353936434439
HOXC13+ZC3HAV1,HOXC13,ZC3HAV1,ZC3HAV1+HOXC13,543,26,0.05280954476545722,0.0286174100584494,0.9147556783300813,0.9147766397903759,0.5418984425173095,0.5929385530227949,0.6582755203171456,False,0.007719756856544698
PTPN12+UBASH3B,PTPN12,UBASH3B,UBASH3B+PTPN12,260,28,0.08309717002265282,0.02855071589704647,0.9417273712821698,0.9417597417647104,0.34358228913527816,0.5890733399405352,0.6622398414271556,False,0.007402474505536263
SAMD1+ZBTB1,SAMD1,ZBTB1,SAMD1+ZBTB1,164,16,0.0925314186052576,0.028274142154408276,0.9597418763940907,0.959829176174384,0.3055626140892403,0.5785183349851338,0.643211100099108,False,0.009820978078806563
CBL+PTPN12,CBL,PTPN12,CBL+PTPN12,257,25,0.08605925616060778,0.028224010583962105,0.944694471834647,0.9447087767613437,0.3279601967659254,0.5945738354806739,0.6572844400396433,False,0.007349671126586002
ETS2+MAP7D1,ETS2,MAP7D1,ETS2+MAP7D1,265,30,0.06699433552247025,0.027681038946397524,0.9163857595065362,0.9171575200814757,0.41318476749594985,0.5814172447968285,0.6449950445986125,False,0.006930516622341821
PTPN9+UBASH3B,PTPN9,UBASH3B,UBASH3B+PTPN9,282,27,0.07646765924587651,0.027623247057123546,0.9390300087944605,0.9386394758353107,0.3612409132114649,0.591798810703667,0.6666005946481665,False,0.006560979873279469
IKZF3+MAP2K6,IKZF3,MAP2K6,MAP2K6+IKZF3,251,22,0.09452963627566911,0.027273670699619078,0.9667433791658668,0.9668193680557907,0.28851978886370705,0.584217046580773,0.6523290386521309,False,0.008056009121391115
SGK1+TBX3,SGK1,TBX3,SGK1+TBX3,243,25,0.08288565069449717,0.026813624704869875,0.9563267545466744,0.9559697885170264,0.32350140802658917,0.5870664023785926,0.6523290386521309,False,0.007086383108720186
TBX2+TBX3,TBX2,TBX3,TBX3+TBX2,969,56,0.07511222857014052,0.026756472265000445,0.9792033600535444,0.9791914094129771,0.3562199228320725,0.592591674925669,0.663230921704658,False,0.005294317096941212
PTPN12+SAMD1,PTPN12,SAMD1,SAMD1+PTPN12,292,28,0.08554810036255098,0.026682444423939352,0.953325478406234,0.9529259967594889,0.3118999055602607,0.5888999008919722,0.6527254707631318,False,0.007885365590938631
FOXL2+MEIS1,FOXL2,MEIS1,FOXL2+MEIS1,177,18,0.06899196119812674,0.026551559140137973,0.923505954504622,0.9237050018570174,0.3848500416430965,0.5792616451932606,0.644400396432111,False,0.008421052532937732
FOSB+UBASH3B,FOSB,UBASH3B,FOSB+UBASH3B,363,38,0.03530322376388879,0.02626826839286108,0.8693983518774582,0.8697484869275479,0.7440756280090929,0.5902626362735381,0.666402378592666,False,0.006061110384230716
PTPN12+ZBTB25,PTPN12,ZBTB25,PTPN12+ZBTB25,257,25,0.08469133180328628,0.02598479747375435,0.9519211541539665,0.9519485658551493,0.30681767449483016,0.595986124876115,0.6658077304261645,False,0.007259160064449357
FOXL2+ZNF318,FOXL2,ZNF318,ZNF318+FOXL2,197,14,0.053018956478786156,0.025841249317223244,0.8873672760383551,0.887281753156951,0.48739641504567893,0.5804013875123885,0.644400396432111,False,0.00787948620578414
SGK1+TBX2,SGK1,TBX2,SGK1+TBX2,287,24,0.0802244463703419,0.025658231513453627,0.9623739049942227,0.9623132592361251,0.3198305837475894,0.5891476709613479,0.6600594648166501,False,0.007244374733267044
PTPN12+PTPN9,PTPN12,PTPN9,PTPN12+PTPN9,295,32,0.07708634242259724,0.025571943791767995,0.9433227466683859,0.9433971670308329,0.3317311859418535,0.5982656095143707,0.6636273538156591,False,0.008241103983068212
MAP2K3+MAP2K6,MAP2K3,MAP2K6,MAP2K3+MAP2K6,458,46,0.03025542368036462,0.025467986795873032,0.934886753566001,0.9346257000163,0.8417659942538313,0.6001734390485629,0.6699702675916749,False,0.005776026724726224
UBASH3B+ZBTB25,UBASH3B,ZBTB25,UBASH3B+ZBTB25,224,16,0.07638722628725236,0.02489414153231839,0.9466228529338567,0.9463676015227339,0.3258940367687204,0.5837462834489594,0.6541129831516352,False,0.007120205343575155
SAMD1+UBASH3B,SAMD1,UBASH3B,SAMD1+UBASH3B,209,19,0.08208111956478815,0.02485893674412376,0.9531334894229644,0.9531355784811212,0.30285815880596195,0.5799306243805749,0.6497522299306244,False,0.007770741285065938
CBL+TGFBR2,CBL,TGFBR2,CBL+TGFBR2,156,12,0.06101414659657832,0.02397984990528617,0.9195663499800318,0.9195406419029712,0.3930211474371578,0.5833002973240833,0.645193260654113,False,0.009046927334513578
ELMSAN1+LHX1,ELMSAN1,LHX1,LHX1+ELMSAN1,547,33,0.059652162985662,0.023669532313522947,0.9176714838319696,0.9179165979419871,0.3967925240064163,0.5905104063429137,0.664420218037661,False,0.006387253175684354
PRTG+TGFBR2,PRTG,TGFBR2,TGFBR2+PRTG,208,17,0.06916345186581661,0.023655759883125915,0.9493503328900639,0.949277803617114,0.34202688334613834,0.583374628344896,0.6493557978196234,False,0.008054706426223168
CNN1+ETS2,CNN1,ETS2,ETS2+CNN1,785,67,0.04299994777756905,0.023296656680816864,0.9153714507959997,0.9152881289032266,0.541783371489804,0.595416253716551,0.6725470763131813,False,0.004864784817582123
IGDCC3+TGFBR2,IGDCC3,TGFBR2,TGFBR2+IGDCC3,262,20,0.06023382099345889,0.02195559981187842,0.9481293902391892,0.9480178818065792,0.36450617692446735,0.5899157581764123,0.6586719524281467,False,0.00722381200744356
ELMSAN1+MAP2K3,ELMSAN1,MAP2K3,MAP2K3+ELMSAN1,484,48,0.05093510057955234,0.02166648838595728,0.9165517196747512,0.9160219035435273,0.42537441056227526,0.5970763131813677,0.6713577799801784,False,0.005558763542015728
KLF1+MAP2K6,KLF1,MAP2K6,KLF1+MAP2K6,222,22,0.05425546787626706,0.021509147575313213,0.949282452124112,0.9493481265061706,0.3964420254261958,0.5808225966303271,0.6545094152626363,False,0.006303912216169777
SNAI1+UBASH3B,SNAI1,UBASH3B,SNAI1+UBASH3B,256,23,0.05105838621707028,0.02138547595606976,0.9257122451641981,0.9252216902289446,0.41884355422341923,0.5836967294350842,0.6574826560951437,False,0.008413860197910994
BAK1+BCL2L11,BAK1,BCL2L11,BCL2L11+BAK1,153,15,0.020173049960076725,0.02109050141938294,0.4788515744440447,0.47944526205449,1.0454790654423545,0.5790882061446977,0.6515361744301288,False,0.007607915322885858
MAP2K3+SLC38A2,MAP2K3,SLC38A2,MAP2K3+SLC38A2,297,24,0.033224845991978204,0.0200382148373967,0.8783421982804591,0.8782361413538019,0.6031093369773548,0.5932606541129831,0.6606541129831517,False,0.006730391370440475
MAPK1+TGFBR2,MAPK1,TGFBR2,MAPK1+TGFBR2,389,42,0.058724628387480673,0.01937439838157235,0.9477036220005425,0.9479159252750066,0.32991947183956505,0.591402378592666,0.6630327056491576,False,0.0063648855534343945
KLF1+TGFBR2,KLF1,TGFBR2,KLF1+TGFBR2,263,20,0.06234144382112887,0.01913768378959491,0.9579383570342341,0.9578960808877817,0.30698172221524217,0.5798810703666997,0.6570862239841427,False,0.005860408221673126
UBASH3A+UBASH3B,UBASH3A,UBASH3B,UBASH3B+UBASH3A,426,43,0.04672823429652671,0.018635796045924812,0.9188945071920116,0.9185469778696675,0.39881233105591585,0.5817641228939544,0.6618434093161546,False,0.0051905920221123935
ETS2+TGFBR2,ETS2,TGFBR2,TGFBR2+ETS2,275,26,0.03569313380615855,0.01850096843604222,0.8910411692901167,0.8915734972599527,0.5183341013573325,0.5809464816650148,0.6555004955401388,False,0.006563219232509845
ELMSAN1+MAP2K6,ELMSAN1,MAP2K6,MAP2K6+ELMSAN1,365,35,0.03812874235689035,0.017979615842554118,0.9148357456068376,0.9142999769684866,0.47155019366394,0.5870664023785926,0.6622398414271556,False,0.005104169432035066
BAK1+TMSB4X,BAK1,TMSB4X,TMSB4X+BAK1,267,22,0.03909997772558386,0.0154457742802174,0.9210111341417478,0.9210115108309833,0.3950328153284583,0.5811199207135778,0.6618434093161546,False,0.006765156884448044
BCL2L11+TGFBR2,BCL2L11,TGFBR2,BCL2L11+TGFBR2,382,40,0.028700636682977166,0.015283825361154496,0.8485968400817365,0.8489864467275052,0.532525655440236,0.5887016848364718,0.6598612487611496,False,0.006529670131370537
BAK1+KLF1,BAK1,KLF1,KLF1+BAK1,323,33,0.055526229242560836,0.01416878132402218,0.9723624855013805,0.9723933171446878,0.25517276280597523,0.5768830525272547,0.6590683845391476,False,0.004928240233276994
