canonical_perturbation,original_condition_labels,construct_pooling_caveat,total_n,minimum_lane_n,effect_rms,mean_positive_lane_fraction,se_undefined_lane_n_lt_2,lolo_max_rms_change,top10_up_genes,top10_down_genes
CEBPA,CEBPA+ctrl|ctrl+CEBPA,True,580,64,0.19002132661994947,0.25535183349851337,False,0.004989257678313928,LST1|CLC|CFD|CSF3R|TYROBP|PNRC1|VIM|MS4A3|TMSB4X|AIF1,NME1|RANBP1|SRM|PTMA|HBG2|LAPTM4B|HSPD1|PITX1|UBE2S|GYPB
TP73,TP73+ctrl,False,218,20,0.12828832351693154,0.18305252725470764,False,0.006694041639603258,AVP|HBZ|NEAT1|ALAS2|GYPB|MALAT1|CHI3L2|NOX5|TESC|GDF15,PTMA|RANBP1|HIST1H4C|STMN1|SRM|ENO1|NCL|NME1|DDX21|PHF19
IKZF3,IKZF3+ctrl|ctrl+IKZF3,True,583,63,0.10844843608997329,0.2043607532210109,False,0.004244339035590708,HBZ|HBG2|HBG1|HBA1|GYPB|HBA2|ALAS2|GYPA|BLVRB|RP11-717F1.1,PTMA|NME1|GAL|ENO1|DDX21|SRM|RANBP1|HIST1H4C|HSPD1|PRDX1
HES7,HES7+ctrl,False,122,9,0.10170768157232189,0.1543111992071358,False,0.01171616316745441,HES7|MALAT1|RP11-301G19.1|NEAT1|PLD3|SH3BGRL3|LGALS1|BTG2|CD59|TIMP1,PITX1|NME1|GAL|YBX1|PTMA|SRM|ODC1|HBG2|RP11-717F1.1|DDX21
CEBPE,CEBPE+ctrl|ctrl+CEBPE,True,1039,116,0.09684306015774653,0.2913032705649158,False,0.003804328226337648,CEBPE|LST1|AIF1|LMO4|VIM|MS4A3|PNRC1|MSRB1|TYROBP|CSF3R,HBG2|GYPA|GYPB|HBZ|RP11-717F1.1|NME1|UBE2S|PITX1|SRM|RANBP1
HOXA13,HOXA13+ctrl,False,230,17,0.0919695855151722,0.18753716551040633,False,0.008733429891010351,MALAT1|NEAT1|GYPB|LGALS1|HBG2|PYCARD|CD48|SEPP1|DSCR8|RP11-887P2.5,PTMA|RANBP1|UBE2S|NME1|SRM|GAL|CACYBP|CKS1B|ODC1|HIST1H4C
SPI1,SPI1+ctrl|ctrl+SPI1,True,506,41,0.0914001276077545,0.20758176412289395,False,0.0046926931261037546,LST1|AIF1|TYROBP|ARHGDIB|MALAT1|SH3BGRL|NEAT1|SPI1|PYCARD|ARPC1B,NME1|LAPTM4B|RANBP1|GAL|UBE2S|SRM|PTMA|HIST1H4C|ENO1|HSP90AA1
CEBPB,CEBPB+ctrl|ctrl+CEBPB,True,422,40,0.08885370597503947,0.22921209117938554,False,0.005836851552270077,LST1|PLD3|AIF1|CFD|RP11-301G19.1|ID3|SH3BGRL3|ID1|TYROBP|CSF3R,HBG2|GYPA|SRM|NME1|RANBP1|GAL|GYPB|RP11-717F1.1|PTMA|UBE2S
PRDM1,PRDM1+ctrl,False,273,22,0.086704996000722,0.16558473736372648,False,0.005887641938713536,HBZ|HBG2|HBG1|BLVRB|ALAS2|HBA1|SLC25A37|RP11-717F1.1|SH3BGRL3|APOE,GAL|MDK|PRSS57|NME1|TMSB10|SRM|LAPTM5|KCNH2|RHOBTB3|VIM
ZBTB10,ZBTB10+ctrl,False,145,15,0.08339590674954174,0.16219028741328048,False,0.008539403226907263,GYPB|MALAT1|BST2|S100A13|NEAT1|FCER1G|SOCS2|LGALS1|BTG1|ARPC1B,HBZ|PTMA|NME1|HIST1H4C|DDX21|HMGB2|SRM|TUBB|MARCKSL1|RANBP1
DUSP9,DUSP9+ctrl,False,662,65,0.07689080643322192,0.20641724479682855,False,0.0036356908692060977,HBZ|DUSP9|GYPB|HBG2|ALAS2|BSG|GYPA|SQLE|GMPPA|COL18A1,RP11-301G19.1|GAL|ACTG1|PRSS57|EMP3|VIM|S100A11|LDHA|TEX30|ODC1
COL1A1,COL1A1+ctrl,False,257,24,0.07627289596412878,0.17125867195242814,False,0.005149878912828862,COL1A1|DDIT4|EIF1|AIF1|SERPINF1|SLC3A2|S100A11|PHGDH|TRIB3|PRSS57,HIST1H1C|HBG2|HBZ|GAL|MT-ND6|HIST1H2BJ|PITX1|MT-ND2|PTMA|PHF19
ARID1A,ARID1A+ctrl,False,182,14,0.07501095994016187,0.1490336967294351,False,0.0071308643520763436,BTG1|MYL4|MALAT1|HBG2|GAD1|ALAS2|SH3BGRL3|FGFR3|TSC22D4|AMHR2,TMSB10|GAL|UBE2S|TEX30|DDX21|PRDX1|CACYBP|VIM|LDHA|PRSS57
IRF1,IRF1+ctrl,False,331,27,0.07340603358355122,0.19073339940535183,False,0.004960263297133958,PSMB9|ISG15|PSME1|GAPDH|CYBRD1|GYPC|APOE|AC006262.5|HLA-C|HEMGN,PRSS57|TMSB4X|TEX30|PHF19|HIST1H4C|TESC|RP11-717F1.1|S100A11|ACTG1|PITX1
CLDN6,CLDN6+ctrl|ctrl+CLDN6,True,544,59,0.07334292406034074,0.19033696729435085,False,0.0038507556493284144,HBZ|CLDN6|ALAS2|HBG2|GYPB|MALAT1|NEAT1|GMPPA|APOE|HBA1,CMTM6|HIST1H4C|RANBP1|LY6E|KCNH2|HMGB2|PRSS57|CLIC1|UBE2S|TEX30
FEV,FEV+ctrl|ctrl+FEV,True,647,64,0.07229247569418674,0.20666501486620417,False,0.003548318174686611,FEV|HBG2|CRYBA2|SH3BGRL3|HBG1|HBZ|GYPB|BLVRB|CCND3|FCER1G,MARCKSL1|VIM|APOC1|GAL|PRSS57|CST3|KCNH2|S100A11|RP11-301G19.1|MT-ND6
ATL1,ATL1+ctrl,False,305,26,0.07143835402332963,0.15721010901883054,False,0.005542737657727859,HBZ|ALAS2|GYPB|HBG2|BTG1|GYPA|MALAT1|HBG1|NEAT1|COL18A1,RP11-301G19.1|TEX30|PHF19|PTMA|GAL|UBE2S|PRSS57|EMP3|RANBP1|ODC1
RHOXF2BB,RHOXF2BB+ctrl,False,290,28,0.07031708596410391,0.18919722497522298,False,0.006035865358382587,HBG2|MALAT1|HBZ|NEAT1|HBG1|GYPB|ALAS2|BTG1|AC006262.5|HIST1H1C,GAL|RANBP1|PRSS57|LDHA|PSMB2|ODC1|PTMA|MARCKSL1|KCNH2|NME1
SET,SET+ctrl|ctrl+SET,True,790,88,0.07015378591376682,0.21387512388503468,False,0.0028162683961214055,FTL|CD52|PRKCB|BLVRB|SERPINB9|SHISA8|FAM178B|RP11-717F1.1|SLC25A37|HN1,ACTG1|COMT|UBE2S|CLIC1|PHF19|GAPDH|CMTM6|RANBP1|CACYBP|TMSB4X
COL2A1,COL2A1+ctrl|ctrl+COL2A1,True,474,48,0.06861529306674699,0.2091922695738355,False,0.003772477377120587,COL2A1|TIMP1|SH3BGRL3|NR2F2|CD37|MDK|KRT18|TNNT1|GAD1|VIM,HBZ|APOC1|HIST1H1C|PITX1|PPP1R14A|HBG2|HIST1H2BJ|TFRC|GAL|UBE2S
MAPK1,MAPK1+ctrl|ctrl+MAPK1,True,660,72,0.06836102597743964,0.2103567888999009,False,0.0032639724954661342,AIF1|SH3BGRL3|TMSB4X|ARHGDIB|GPSM3|GMFG|CD52|IFITM2|S100A11|MT2A,HBG2|HBZ|GAL|APOC1|HBG1|GYPB|PDE4DIP|APOE|AC079466.1|MDK
HOXC13,HOXC13+ctrl|ctrl+HOXC13,True,343,26,0.0675788732105033,0.19410307234886026,False,0.005343375003707878,MALAT1|HBG2|GYPB|NEAT1|LGALS1|S100A4|PYCARD|BST2|CD48|SEPP1,RANBP1|NME1|PTMA|CACYBP|PRSS57|GAL|UBE2S|PRDX1|SRM|NCL
HNF4A,HNF4A+ctrl,False,202,20,0.06713551216287558,0.16499008919722497,False,0.006154042436152621,HBZ|SEPP1|MALAT1|APOC1|APOE|PPP1R14A|REEP6|NEAT1|SH3BGRL3|HEPH,HBG2|PTMA|NME1|CACYBP|HBG1|GYPC|ENO1|TUBA1B|EMP3|CKB
PTPN1,PTPN1+ctrl,False,342,30,0.06700768757942702,0.15589692765113974,False,0.00478216510316435,HBZ|NEAT1|HBG2|HBA1|COL18A1|APOE|ALAS2|HBG1|BLVRB|SLC25A37,UBE2S|PRSS57|CACYBP|RANBP1|ATP6V0B|PRDX1|NME1|SDF2L1|LDHA|LAPTM4B
MIDN,MIDN+ctrl,False,256,23,0.06611664796944042,0.18748761149653123,False,0.006114571009689698,ID2|MALAT1|RP11-301G19.1|NEAT1|HES1|VASN|PIM1|SMYD3|MIDN|LGALS1,GAL|PTMA|SRM|PITX1|DDX21|HSP90AB1|NME1|CACYBP|RANBP1|ENO1
TBX3,TBX3+ctrl|ctrl+TBX3,True,559,56,0.0635865147257009,0.17106045589692764,False,0.0034290596161556017,AVP|NEAT1|RFK|BST2|VIM|MALAT1|ATF7IP2|TIMP2|TSC22D1|TBX3,PRSS57|GYPB|GYPA|TEX30|HBZ|HIST1H1C|SH3BGRL3|PHF19|EMP3|HMGB2
CKS1B,CKS1B+ctrl,False,189,17,0.06196278209502682,0.1507185332011893,False,0.006720650309126697,APOE|APOC1|MFGE8|HBZ|UGP2|REEP6|HIST1H1C|IQGAP2|PKDCC|BLVRB,GAL|UBE2S|CACYBP|LDHA|TEX30|DDX21|PSMB2|CLIC1|ATP6V0B|NME1
PRTG,PRTG+ctrl|ctrl+PRTG,True,581,49,0.061375967035079894,0.19645688800792865,False,0.0037139081339220546,HBZ|ALAS2|HBG2|GYPB|HBG1|PRTG|SMIM1|MALAT1|NEAT1|GYPA,RP11-301G19.1|MPC2|UBE2S|STMN1|HIST1H4C|TEX30|RANBP1|PRSS57|MT-ND4|MT-CYB
NIT1,NIT1+ctrl,False,165,15,0.060015777288691154,0.17398414271555995,False,0.007926675271418241,S100A13|MDK|APOE|NEAT1|PSAP|PRDX5|HIST1H2BD|GYPA|AAK1|BTG2,HIST1H4C|NME1|RP11-301G19.1|PTMA|SRM|HBZ|PPP1R14A|ANP32E|TEX30|COMT
CDKN1C,CDKN1C+ctrl,False,165,15,0.05938260825857306,0.17056491575817642,False,0.006210965417139157,HBZ|HBG2|RP11-717F1.1|ALAS2|CDKN1C|HBG1|NEAT1|GYPB|BCYRN1|FADS1,HIST1H4C|HMGB2|TUBA1B|STMN1|CKS1B|RANBP1|PRDX1|CACYBP|UBE2S|TEX30
CDKN1A,CDKN1A+ctrl|ctrl+CDKN1A,True,275,29,0.05816245219650405,0.18213577799801783,False,0.00528225466114645,HBZ|HBG2|CDKN1A|RP11-717F1.1|ALAS2|HBG1|NEAT1|GYPB|BCYRN1|SLC25A37,HIST1H4C|HMGB2|TUBA1B|CACYBP|CKS1B|CLIC1|PTMA|PRDX1|RANBP1|HSP90AA1
FOXO4,FOXO4+ctrl,False,189,13,0.0581452223939622,0.13882556987115957,False,0.00696643310688521,SEPP1|S100A13|FOXO4|TPP1|YPEL3|NEAT1|ACSM3|APOE|HBZ|ALAS2,UBE2S|PHF19|CLIC1|CACYBP|HIST1H4C|CKS1B|LDHA|MT-ND6|ODC1|KCNH2
OSR2,OSR2+ctrl|ctrl+OSR2,True,858,92,0.057905043090385674,0.26932606541129833,False,0.0030128288205388473,MPZL1|PIM1|AIF1|PRSS57|OSR2|SOCS1|LST1|SH3BGRL3|S100A11|LGALS1,HBZ|HBG2|GYPA|MYL4|PITX1|RP11-717F1.1|GYPB|GAL|HBG1|APOC1
C3orf72,C3orf72+ctrl,False,217,20,0.057678502350466794,0.16937561942517343,False,0.006768963698668104,NEAT1|ALAS2|PDE4DIP|TSC22D1|MALAT1|FOXL2|AP001171.1|S100A13|MSRB1|GYPB,GAL|UBE2S|SRM|TEX30|NME1|HMGB2|RANBP1|DDX21|CACYBP|HSP90AB1
CITED1,CITED1+ctrl,False,169,15,0.057497915163621086,0.16097621407333995,False,0.007980918664928678,NEAT1|MALAT1|CITED1|CSF3R|CREM|SERPINB1|JUND|SH3BGRL3|GATA2|RP11-717F1.1,NME1|PTMA|RANBP1|PHF19|SRM|CKS1B|LDHA|HIST1H4C|CACYBP|PITX1
TBX2,TBX2+ctrl|ctrl+TBX2,True,564,60,0.05705860207465798,0.18372150644202181,False,0.0034253928550927746,TMEM54|HBG2|RP11-717F1.1|GSTP1|CD7|MYL4|TBX2|HBG1|NEAT1|MALAT1,PRSS57|TMSB10|TEX30|ACTG1|UBE2S|GYPB|HBZ|CTSL|LDHA|CELF2
CNN1,CNN1+ctrl|ctrl+CNN1,True,636,67,0.05701476764034298,0.16335480673934588,False,0.0029609765196014414,HBZ|CNN1|SLC25A37|HBG2|HBA1|COL18A1|APOE|TESC|ALAS2|ZFP36L1,PRSS57|UBE2S|EMP3|S100A11|TEX30|ATP6V0B|TMSB4X|LY6E|SH3BGRL3|PTPN7
KLF1,KLF1+ctrl|ctrl+KLF1,True,1641,187,0.056845930250141195,0.21788899900891973,False,0.0018798442173128807,HBZ|HBG2|TMSB10|PNMT|HBG1|KLF1|HBA1|BLVRB|ANXA2|GAL,IFITM2|RP11-301G19.1|AIF1|PPP1R14A|IDH2|STMN1|SMYD3|AC079466.1|HIST1H1C|QPRT
ZBTB1,ZBTB1+ctrl|ctrl+ZBTB1,True,602,64,0.05659050962465175,0.19563924677898908,False,0.00367064141680991,HBZ|HBG2|NEAT1|CYBA|HBA1|BLVRB|HBG1|GYPB|MALAT1|HBA2,ACTG1|PRSS57|MARCKSL1|EMP3|PTMA|LDHA|PRDX1|LY6E|UBE2S|HIST1H4C
S1PR2,S1PR2+ctrl,False,446,43,0.05610378063593403,0.18166501486620415,False,0.004086364511459198,HBZ|HBG2|HBA1|LYL1|HBG1|ID3|KRT18|IGFBP2|KRT8|HBA2,KCNH2|TMSB10|TEX30|PTMA|CMTM6|GAL|PHF19|PRSS57|TMSB4X|LDHA
IER5L,IER5L+ctrl|ctrl+IER5L,True,327,20,0.055678136639586165,0.183201189296333,False,0.005537840092754588,HBZ|GYPB|HBG2|SH3BGRL3|GYPA|ALAS2|NEAT1|IER5L|NENF|HBG1,GAL|PRDX1|VIM|PRDX4|NME1|ENO1|FABP5|CACYBP|NUDC|LDHA
JUN,JUN+ctrl,False,235,14,0.05546602245719862,0.16362735381565907,False,0.006617453578417178,COL18A1|MALAT1|BTG2|JUN|NEAT1|IGFBP2|MAOB|HBG2|GSTP1|LGALS1,GAL|HBZ|UBE2S|PRSS57|CACYBP|SRM|HSP90AB1|KCNH2|LDHA|HSPA8
IGDCC3,IGDCC3+ctrl|ctrl+IGDCC3,True,507,49,0.054442614390689946,0.1867938553022795,False,0.003752160284882261,HBZ|IGDCC3|ALAS2|HBG2|GYPB|MALAT1|HBG1|NEAT1|GMPPA|BST2,RP11-301G19.1|TEX30|UBE2S|HIST1H4C|PRSS57|STMN1|HMGB2|MPC2|RANBP1|CACYBP
SAMD1,SAMD1+ctrl|ctrl+SAMD1,True,430,46,0.05383354900347501,0.2020812685827552,False,0.004182510091666599,HBZ|MALAT1|HBG2|APOE|FAM83A|NEAT1|HBA1|AC006262.5|HBG1|ALAS2,UBE2S|PRSS57|ODC1|TEX30|CACYBP|SET|PHF19|PTMA|RANBP1|SDF2L1
LHX1,LHX1+ctrl,False,342,33,0.05273340169566357,0.18238354806739346,False,0.005363281203766924,LHX1|RP11-445F12.1|FEV|FADS1|NEAT1|ARPC1B|APOE|AIF1|MSN|ANXA3,HBZ|MARCKSL1|GAL|CST3|KCNH2|HSP90AB1|NME1|CACYBP|MYL4|ODC1
BPGM,BPGM+ctrl,False,393,42,0.05206176412000488,0.15379088206144698,False,0.0038273427923089082,HBZ|HBG2|AMHR2|ALAS2|BPGM|GYPB|COL18A1|BLVRB|HBG1|HIST1H1C,TMSB10|PRSS57|TMSB4X|LDHA|TEX30|LY6E|RP11-301G19.1|MT-CYB|MT-ND4L|HSP90AA1
SLC4A1,SLC4A1+ctrl,False,853,91,0.05200837395708983,0.18942021803766104,False,0.0028504115897253993,AP003068.23|IFITM2|SLC4A1|MDK|GAL|BCYRN1|PDPN|SVIP|MPC2|SOCS1,APOC1|APOE|HBZ|VIM|PPP1R14A|HIST1H1C|BSG|PRDX1|GAPDH|TEX30
AHR,AHR+ctrl,False,479,48,0.050663211181435665,0.2120416253716551,False,0.004145510693926988,TESC|SH3BGRL3|HBG2|GYPB|MALAT1|HBZ|RSAD2|LGALS1|APOE|SLC25A37,MT-ND4|MT-CYB|MT-ND5|GAL|MT-ATP6|MT-ND3|MT-ND4L|MT-CO3|PRDX4|CACYBP
SGK1,SGK1+ctrl,False,446,44,0.049891622808085956,0.18050049554013875,False,0.00395391229164636,HBG2|MALAT1|SGK1|NEAT1|HBG1|AC006262.5|ANXA2|COL18A1|TESC|CSF3R,PRSS57|GAL|UBE2S|NME1|CACYBP|TEX30|EMP3|DDX21|NCL|RANBP1
SNAI1,SNAI1+ctrl|ctrl+SNAI1,True,380,34,0.047997759852240224,0.18889990089197226,False,0.004456276014838875,SOCS2|S100A13|RNASET2|LGALS1|MALAT1|VIM|TMSB10|ALAS2|MDK|ATF7IP2,HIST1H1C|HBG2|RP11-717F1.1|HBZ|PHF19|SVIP|ODC1|CKB|CFD|GAL
ETS2,ETS2+ctrl|ctrl+ETS2,True,1031,111,0.04753227852517768,0.2320366699702676,False,0.002839273623969586,AIF1|SH3BGRL3|TMSB4X|GMFG|GPSM3|IFITM2|ETS2|S100A11|ARHGDIB|MSN,HBG2|HBZ|GAL|HBG1|APOC1|AC079466.1|CTSL|RP11-717F1.1|APOE|MDK
FOSB,FOSB+ctrl,False,502,52,0.0470527887576369,0.2177155599603568,False,0.0038535420272790785,SH3BGRL3|MS4A3|LST1|AIF1|VIM|MSN|LGALS1|LMO4|TPM4|RP11-301G19.1,GYPB|APOE|GYPA|RP11-717F1.1|ATF7IP2|HBG2|LAPTM4B|MYL4|GSTP1|CKB
FOXL2,FOXL2+ctrl|ctrl+FOXL2,True,544,59,0.046332807603750976,0.20693756194251733,False,0.003749459221823479,FOXL2|TSC22D1|MALAT1|NEAT1|AP001171.1|AC006262.5|RP11-301G19.1|AC079466.1|MSRB1|ALAS2,HBZ|GAL|NME1|MYL4|SRM|DDX21|TEX30|HIST1H1C|UBE2S|RANBP1
CDKN1B,CDKN1B+ctrl|ctrl+CDKN1B,True,413,44,0.04571676912134065,0.19021308225966302,False,0.004183973894987349,HBZ|HBG2|ALAS2|CDKN1C|IGFBP4|SLC25A37|HBG1|HBA1|BCYRN1|PSAP,HIST1H4C|HMGB2|TUBA1B|STMN1|PTMA|RANBP1|DEK|PRDX1|CKS1B|CACYBP
HOXB9,HOXB9+ctrl|ctrl+HOXB9,True,612,65,0.04564599997850331,0.22336471754212092,False,0.004007049470081205,HOXB9|MALAT1|NEAT1|HES1|HBG2|RP11-301G19.1|GSN|LGALS1|AIF1|PYCARD,GAL|HBZ|PITX1|NME1|SRM|CACYBP|RANBP1|DDX21|ODC1|PTMA
DLX2,DLX2+ctrl|ctrl+DLX2,True,606,59,0.04390640738769811,0.17626362735381565,False,0.003438557119480836,RNASET2|BTG2|DLX2|VIM|ANXA3|BST2|BATF3|PRSS57|RP11-301G19.1|GAD1,HBZ|HBG2|HBG1|HIST1H1C|GAL|MYL4|TESC|HIST1H2BJ|UBE2S|HSP90AA1
CNNM4,CNNM4+ctrl,False,376,35,0.04356337057501023,0.16273538156590683,False,0.004388113905207483,HBZ|GYPB|GYPA|NEAT1|GYPE|DSCR8|FAM19A2|PGA5|CCND3|MYLIP,HBG2|KCNH2|RP11-301G19.1|VIM|CTSL|UBE2S|HBG1|PPP1R14A|GAL|PITX1
FOXA3,FOXA3+ctrl,False,409,38,0.043549788333925844,0.19558969276511398,False,0.004100772117241944,GYPB|LYZ|KRT8|ALAS2|FOXA3|ATF7IP2|SMYD3|SEPP1|TRAPPC6A|MALAT1,GAL|HIST1H4C|TEX30|UBE2S|CACYBP|CKS1B|RANBP1|LDHA|NME1|PTMA
PTPN12,PTPN12+ctrl|ctrl+PTPN12,True,358,37,0.04354726229063518,0.15661546085232902,False,0.004116985473900381,HBZ|HBG2|BLVRB|PTPN12|APOC1|HIST1H1C|APOE|SLC25A37|HBA1|NEAT1,PRSS57|S100A11|PDE4DIP|ACTG1|SMYD3|CLIC1|ARPC1B|TEX30|TMSB10|ATP6V0B
CBL,CBL+ctrl,False,538,56,0.04323833434409928,0.16808721506442023,False,0.0033341459999780684,HBZ|CD99|HBG2|ALAS2|HBG1|GYPB|COL18A1|SLC25A37|BLVRB|HBA1,PRSS57|CLIC1|LY6E|TEX30|EMP3|GMFG|PRDX1|S100A11|ACTG1|PTPN7
RREB1,RREB1+ctrl,False,281,27,0.04247159478928651,0.15552527254707632,False,0.005023267568993324,HBZ|FAM210B|FAM83A|HBA1|MALAT1|RNF223|APOE|BSG|CHI3L2|ALAS2,NME1|PHF19|SH3BGRL3|UBE2S|IFITM2|PSMA4|ODC1|HN1|IGFBP2|FABP5
PTPN13,PTPN13+ctrl,False,226,19,0.04123216672625359,0.15901883052527255,False,0.005559417086988085,COL18A1|PIM1|ENG|FADS1|ID3|LYL1|HBZ|TAL2|MALAT1|APOE,LMO2|UBE2S|GAL|SRM|CMTM6|ODC1|PITX1|PHF19|TEX30|KCNH2
POU3F2,POU3F2+ctrl,False,312,33,0.04022271677125232,0.16655104063429138,False,0.004748829140411853,POU3F2|GYPB|HBG2|AC079466.1|GYPA|FAM19A2|MALAT1|NEAT1|ALAS2|HBG1,PRDX1|KCNH2|FABP5|VIM|GAL|TEX30|PRSS57|TMSB10|NPM1|HSP90AB1
ZBTB25,ZBTB25+ctrl|ctrl+ZBTB25,True,590,60,0.03998337343485157,0.16513875123885036,False,0.003218679897566942,HBZ|MIR4458HG|HBG2|HIST1H1C|BLVRB|HBG1|SLC25A37|GYPB|NEAT1|HBA1,PHF19|COMT|TMSB10|TMSB4X|LY6E|PRSS57|TMEM54|MDK|LGALS1|CLIC1
EGR1,EGR1+ctrl,False,261,28,0.03826831848274656,0.16674925668979187,False,0.004864386112225176,HBZ|SH3BGRL3|MALAT1|HBG2|NEAT1|BLVRB|ALAS2|CD52|RP11-717F1.1|TMSB10,GAL|VIM|CTSL|PRSS57|FABP5|PRDX1|HSPD1|TEX30|MYC|PSMA4
GLB1L2,GLB1L2+ctrl,False,378,36,0.03778476471157656,0.18025272547076313,False,0.004077802145500904,TIMP1|SLC44A1|PMP22|CTNNB1|FBLN2|APOE|NEAT1|MALAT1|GLB1L2|VIM,GAL|PRDX1|UBE2S|CACYBP|RANBP1|LDHA|PSMA4|HSP90AA1|PSMB2|UFD1L
TMSB4X,TMSB4X+ctrl,False,462,45,0.03645499779070928,0.16469276511397424,False,0.0037379156442838984,TMSB4X|ACTB|ACTG1|TPM4|HBG2|HBZ|ARPC5|HIST1H1C|FLNA|MYL6,CTSL|GAL|ENO1|PRDX1|MDK|GSTP1|HSP90AA1|APOC1|AC079466.1|FABP5
SLC6A9,SLC6A9+ctrl,False,441,33,0.03590547717835196,0.19841427155599603,False,0.004188095297297391,HBZ|HBG2|HSPA8|SLC6A9|MALAT1|MYL4|APOE|HBG1|HBA1|PTPN7,PRDX1|LAPTM4B|PRSS57|DYNLL1|HIST1H4C|PPP1R14A|MT-ND6|NME1|CACYBP|PRDX4
CBFA2T3,CBFA2T3+ctrl|ctrl+CBFA2T3,True,531,49,0.035845006829301,0.2007185332011893,False,0.0038873209208332604,SH3BGRL3|VIM|MALAT1|S100A10|IFITM2|SMYD3|PRSS57|TMSB10|AP001171.1|MKNK2,HBG2|HBZ|HBG1|GYPB|PITX1|GYPA|GAL|PHF19|TESC|CTSL
CELF2,CELF2+ctrl,False,388,35,0.03540443566850392,0.19675421209117938,False,0.004607568112257283,C4orf48|LST1|MSN|PHF19|MS4A3|CEBPA|LMO4|AIF1|RP11-301G19.1|SH3BGRL3,GYPA|HBG2|APOE|GYPB|MYL4|RP11-717F1.1|NME1|HBG1|GSTP1|CKB
PTPN9,PTPN9+ctrl|ctrl+PTPN9,True,363,40,0.034845896071503006,0.15525272547076313,False,0.004163694243594918,HBZ|MALAT1|HBG2|PTPN9|PPIC|GYPB|NEAT1|GYPA|AC079466.1|PITX1,UBE2S|PRSS57|LAPTM4B|PRDX1|CLIC1|ATP6V0B|CACYBP|PRDX4|SDF2L1|ARPC1B
FOXA1,FOXA1+ctrl|ctrl+FOXA1,True,761,69,0.03341356938805901,0.2071110009910803,False,0.002915248650981569,GYPB|ATF7IP2|ID3|LYZ|ALAS2|SMYD3|GYPE|KRT8|GYPA|GMPPA,GAL|PRSS57|TEX30|MDK|EMP3|KCNH2|DBI|MT-ND6|LDHA|CLIC1
UBASH3B,UBASH3B+ctrl|ctrl+UBASH3B,True,983,91,0.03198569576079727,0.19080773042616453,False,0.002540184993926968,HBZ|HBG2|UBASH3B|HBG1|SLC25A37|BLVRB|NEAT1|COL18A1|ALAS2|HBA1,PRSS57|SDF2L1|ATP6V0B|CLIC1|PRDX1|ARPC1B|PSMA4|SMYD3|EMP3|UBE2S
MAP2K3,MAP2K3+ctrl,False,458,48,0.03121231718438122,0.1507185332011893,False,0.0031265066373790716,MAP2K3|GAL|FABP5|PRDX1|HBG2|PRDX4|PSMA4|HBZ|CACYBP|LDHB,GYPB|GYPC|AC079466.1|FTH1|TMSB10|GYPA|LGALS1|IDH2|GADD45A|PITX1
LYL1,LYL1+ctrl,False,360,34,0.030289017578911417,0.15579781962338948,False,0.004133403961798574,LYL1|HBZ|NEAT1|MALAT1|NENF|VIL1|ATF7IP2|COL18A1|NFASC|ACTG1,HIST1H1C|EMP3|RP11-717F1.1|GAL|CACYBP|LAPTM5|S100A11|GMFG|ARPC3|VAMP8
KIAA1804,KIAA1804+ctrl,False,212,16,0.030079896767379117,0.15381565906838454,False,0.0059441241405210135,HBG2|NEAT1|ACSM3|MALAT1|PYCARD|CDC42|MYL6|VIM|HBG1|HBZ,PRSS57|GAL|UBE2S|RP11-717F1.1|ODC1|PSMA4|SET|CKS1B|HSPD1|PRDX1
C19orf26,C19orf26+ctrl|ctrl+C19orf26,True,750,71,0.03003736013945929,0.1963577799801784,False,0.003100127878625614,GYPB|HBZ|HBG2|C19orf26|FAM83A|ALAS2|MALAT1|NEAT1|GYPA|GMPPA,GAL|GMFG|PTPN7|IFITM2|EMP3|PRSS57|TEX30|LY6E|MT-ND6|AIF1
ELMSAN1,ELMSAN1+ctrl|ctrl+ELMSAN1,True,783,84,0.028232418904229197,0.1712834489593657,False,0.0025496380414801816,HBG2|HBZ|HBG1|ACSM3|HIST1H1C|APOC1|RP11-717F1.1|APOE|GAL|MS4A4A,TMSB10|PPP1R14A|NEAT1|MALAT1|MT2A|GADD45A|SH3BGRL3|IGFBP2|CFD|SMYD3
KMT2A,KMT2A+ctrl,False,185,18,0.02744700029259179,0.14145193260654113,False,0.006010486323680986,KMT2A|HIST1H1C|HBZ|HBG2|HIST1H2BJ|GYPB|NEAT1|MALAT1|FTH1|HBG1,FABP5|APOE|VIM|EMP3|KRT18|GAL|NPM1|NUDC|NME1|BEX2
PLK4,PLK4+ctrl,False,97,9,0.026855796616736434,0.12854311199207136,False,0.009292247603560004,HBG2|HBZ|HBG1|APOE|LGALS1|IER2|VIM|ERV3-1|YPEL3|MAP1LC3B,HMGB2|PTMA|SRM|RANBP1|HIST1H4C|NCL|PPP1R14A|DEK|HELLS|PRSS57
STIL,STIL+ctrl|ctrl+STIL,True,268,25,0.02666991876242673,0.1669226957383548,False,0.005698166527311005,STIL|MALAT1|APOE|GRN|SAT1|PFDN5|CREG1|NEAT1|UBC|S100A13,HIST1H4C|RANBP1|PTMA|SRM|PHF19|PITX1|NME1|DDX21|ODC1|KCNH2
TSC22D1,TSC22D1+ctrl,False,376,39,0.02655340484143908,0.17373637264618433,False,0.004023737011353834,TSC22D1|CLU|NEAT1|GSTP1|ACP5|JUND|C4orf48|HIST1H1C|MALAT1|HBZ,APOC1|CACYBP|APOE|PRDX1|PSMA4|VIM|KCNH2|DDX21|DBI|HMGB2
KIF18B,KIF18B+ctrl,False,212,20,0.026395425417980383,0.15445986124876115,False,0.005468170843487141,CREG1|HIST1H1C|HBZ|KIF18B|MALAT1|RP11-717F1.1|GYPB|HBG2|BTG1|FTH1,CACYBP|MARCKSL1|GAL|NPM1|PITX1|PRDX1|PSMA4|HSP90AB1|CKS1B|LDHB
BCORL1,BCORL1+ctrl,False,456,51,0.025938605636088925,0.167195242814668,False,0.0035992571156446608,KRT18|KRT8|BCORL1|FOXL2|NEAT1|MALAT1|TSC22D1|GMPPA|ALAS2|HBG2,GAL|PRSS57|MT1G|HBZ|MT2A|TMSB10|FABP5|TMEM54|CTSL|FEV
HK2,HK2+ctrl,False,249,25,0.025473595596127146,0.14831516352824578,False,0.004989678091115192,HK2|TXNIP|HBZ|GYPB|HBG2|SEPP1|RP11-717F1.1|SLC25A37|WBP5|TCF4,PRSS57|PRDX1|MDK|CLIC1|PSMA4|S100A11|NUDC|HSP90AA1|GAPDH|UFD1L
ZC3HAV1,ZC3HAV1+ctrl,False,436,36,0.024918962409296926,0.14754707631318137,False,0.004708470112208766,ZC3HAV1|HSPA8|GAL|HN1|PRSS57|C6orf48|UBE2S|BCYRN1|TMSB4X|FABP5,CTSL|HIST1H1C|NEAT1|GSTP1|APOE|HIST1H2BJ|CD63|TESC|MT2A|HBZ
CSRNP1,CSRNP1+ctrl,False,354,31,0.024567088827544846,0.13778493557978197,False,0.004112409997606989,GAL|FABP5|CSRNP1|NPM1|DDX21|HSPD1|PRDX1|MYC|VIM|HSPA8,SH3BGRL3|GYPB|GYPA|HIST1H1C|LGALS1|FTH1|TNNT1|RP11-717F1.1|HIST1H2BJ|LY6E
ZNF318,ZNF318+ctrl,False,541,54,0.024252554691771025,0.17433102081268584,False,0.00336492588597864,HBG2|RP11-395B7.4|KDM5B|HBZ|HBG1|NEAT1|HBD|MALAT1|ZNF318|GYPB,PRSS57|HIST1H4C|H1FX|MT-ND6|TMSB10|UBE2S|TUBA1B|RP11-301G19.1|APOE|MSN
MEIS1,MEIS1+ctrl|ctrl+MEIS1,True,682,75,0.02405040104948162,0.20567393458870167,False,0.003145767563858298,HBG2|GYPB|GYPA|MALAT1|NEAT1|HBD|HBG1|GYPC|SMYD3|GYPE,PRSS57|APOC1|FABP5|GAL|TEX30|PTMA|VIM|MYC|KCNH2|PRDX4
MAP2K6,MAP2K6+ctrl|ctrl+MAP2K6,True,741,70,0.02356989410348769,0.17641228939544104,False,0.0026506645893987282,GAL|UFD1L|TOR3A|PRDX1|PSMA4|HIST1H1C|CLIC1|KRT18|PRDX4|PSMB1,AC079466.1|CTSL|HBZ|CFD|MT-ND6|PYCARD|COL18A1|GYPC|PITX1|PPP1R14A
FOXF1,FOXF1+ctrl|ctrl+FOXF1,True,715,71,0.0231011415320655,0.19442517343904855,False,0.002961008315347606,S100A13|RP11-301G19.1|SMYD3|AP001171.1|AC006262.5|MSRB1|ATF7IP2|ALAS2|GMPPA|CMTM6,GAL|HBZ|CTSL|TEX30|MYL4|PHF19|MYC|MT-ND6|NME1|UBE2S
NCL,NCL+ctrl,False,197,18,0.02283230153244786,0.1380327056491576,False,0.005905221867677478,NCL|GYPB|BSDC1|GMPPA|GYPA|BCYRN1|SNHG9|ATP6V0B|BTG1|BTG2,CFD|HIST1H1C|VIM|HMGB2|APOC1|GAL|MDK|LIMD2|EMP3|PSMA4
MAP7D1,MAP7D1+ctrl|ctrl+MAP7D1,True,635,59,0.022367969235470544,0.19147670961347868,False,0.0031142253700101913,MAP7D1|PSMA4|PSMB1|UBB|PRDX1|KRT18|CD63|ARPC3|LDHB|MYL6,MT-ND1|MT-CYB|HIST1H4C|SVIP|MT-ND4|MT-CO3|HIST1H1C|COL18A1|RP11-301G19.1|AC079466.1
ARRDC3,ARRDC3+ctrl,False,405,44,0.02212585084328619,0.1636025768087215,False,0.004114799829728354,HIST1H1C|HBZ|NEAT1|AC006262.5|RP11-717F1.1|SLC25A37|APOE|GYPC|GRN|EIF3E,ODC1|GAL|PSMB1|SRM|NME1|CKS1B|PSMB3|MDK|PRDX1|DDX21
SLC38A2,ctrl+SLC38A2,False,280,24,0.021131290802911647,0.15037165510406342,False,0.0046994998168817005,SLC38A2|MDK|HIST1H4C|FABP5|ODC1|MPC2|HMGN2|NUDC|C6orf48|HSPD1,HIST1H1C|RP11-717F1.1|MT-ND6|HIST1H2BJ|CTSL|AC079466.1|HBZ|AC006262.5|KCNH2|HIST1H2AC
MAP4K5,MAP4K5+ctrl,False,300,25,0.021117152158335442,0.14826560951437068,False,0.004809182377502286,HBZ|GYPB|HBG2|ALAS2|GMPPA|HBG1|MALAT1|FAM83A|BNIP3L|BTG1,PTPN7|GAL|S100A11|TMSB4X|MSN|UFD1L|HMGB2|LIMD2|NME1|SH3BGRL3
ISL2,ISL2+ctrl|ctrl+ISL2,True,485,45,0.020467707123236416,0.18788404360753222,False,0.003806782363584551,PNMT|GYPB|PPP1R14A|SMYD3|CD47|MPC2|IDH2|RP11-301G19.1|ISL2|PTRF,HBZ|HBG2|GAL|DDX21|PITX1|HSP90AB1|HBG1|HIST1H1C|APLP2|FAM83A
MAML2,MAML2+ctrl,False,508,48,0.02001201481692529,0.16305748265609515,False,0.0035538792798346522,ORAI2|HBG2|LAPTM4B|FADS1|HBZ|GAL|TESC|MYC|MAML2|PLXNA2,HIST1H1C|TMSB10|LGALS1|VIM|RP11-717F1.1|SVIP|MALAT1|HIST1H2BJ|MDK|NEAT1
MAP4K3,MAP4K3+ctrl,False,299,25,0.01978888096583372,0.15502973240832507,False,0.004886912560032241,HBZ|GYPB|MALAT1|SOCS2|NEAT1|ALAS2|GMPPA|HBG2|GYPA|TCF4,CACYBP|CTSL|FABP5|TEX30|VIM|RP11-301G19.1|CLIC1|EMP3|AC007246.3|PTPN7
KIF2C,KIF2C+ctrl|ctrl+KIF2C,True,518,55,0.019409725067093188,0.17504955401387512,False,0.0033830336178909386,KIF2C|HIST1H1C|RP11-717F1.1|HIST1H2AC|AC006262.5|SLC25A37|COL18A1|PSAP|MALAT1|ALAS2,TUBB|PSMB1|CACYBP|TEX30|VIM|PSMA4|HSP90AA1|CLIC1|NPM1|MARCKSL1
TGFBR2,TGFBR2+ctrl|ctrl+TGFBR2,True,537,57,0.01821156712092497,0.16271060455896927,False,0.0033305395090699593,HBZ|HBG2|GMPPA|GYPB|TGFBR2|ALAS2|HBG1|BLVRB|GYPA|ATF7IP2,SH3BGRL3|AIF1|MPC2|GMFG|LY6E|LAPTM5|MT2A|PRSS57|RP11-301G19.1|TMSB10
UBASH3A,UBASH3A+ctrl|ctrl+UBASH3A,True,686,76,0.01793003409710168,0.18689296333002972,False,0.003016192595011941,MALAT1|NEAT1|HBZ|AC079466.1|UBASH3A|IGFBP4|RP11-717F1.1|HBD|SERPINF1|CLU,HMGB2|UBE2S|CKS1B|RANBP1|CACYBP|PRDX1|CKS2|HSP90AA1|EMP3|NME1
RUNX1T1,RUNX1T1+ctrl|ctrl+RUNX1T1,True,631,67,0.01675256522876749,0.1896432111000991,False,0.003157619088016501,RUNX1T1|NEAT1|VIM|MALAT1|APOE|RP11-301G19.1|COL2A1|CYBA|S100A13|PNMT,HBZ|HBG2|GYPA|GYPB|CTSL|HBG1|GYPE|PITX1|RP11-717F1.1|CCND3
BAK1,BAK1+ctrl|ctrl+BAK1,True,1171,136,0.015430589834696216,0.18927155599603568,False,0.002179311572355676,BAK1|LHX1|RP11-445F12.1|APOE|APOC1|CALM2|PSMA4|PSMB3|PRDX1|PRDX2,KCNH2|CTSL|TMSB10|RP11-717F1.1|PRSS57|FTH1|SH3BGRL3|AC079466.1|LGALS1|SVIP
BCL2L11,BCL2L11+ctrl,False,463,50,0.012917489675788993,0.16065411298315163,False,0.0037592564451963554,BCL2L11|GYPB|HBZ|HBG2|GYPA|GYPE|BLVRB|CAPZA1|SDF2L1|S100A10,TMSB10|RP11-301G19.1|N4BP2L2|LGALS1|PRSS57|NPW|C4orf48|HHEX|HMGB2|PTPN7
