component,rank,gene_id,gene_name,loading,singular_value
1,1,ENSG00000130656,HBZ,-0.28878849778401855,41.47171522672232
1,2,ENSG00000196565,HBG2,-0.22531222643759205,41.47171522672232
1,3,ENSG00000204482,LST1,0.16555751359246856,41.47171522672232
1,4,ENSG00000213934,HBG1,-0.13943719318657047,41.47171522672232
1,5,ENSG00000204472,AIF1,0.13723331933202235,41.47171522672232
1,6,ENSG00000026025,VIM,0.13400663981733857,41.47171522672232
1,7,ENSG00000227706,RP11-301G19.1,0.13101816808640523,41.47171522672232
1,8,ENSG00000250361,GYPB,-0.12726623855581864,41.47171522672232
1,9,ENSG00000011600,TYROBP,0.12563968935661932,41.47171522672232
1,10,ENSG00000205542,TMSB4X,0.1216345340052221,41.47171522672232
1,11,ENSG00000197766,CFD,0.11770976800383248,41.47171522672232
1,12,ENSG00000163191,S100A11,0.11046269599001277,41.47171522672232
1,13,ENSG00000170180,GYPA,-0.10982686496158144,41.47171522672232
1,14,ENSG00000119535,CSF3R,0.10900614134281048,41.47171522672232
1,15,ENSG00000279669,RP11-717F1.1,-0.10454467774761676,41.47171522672232
1,16,ENSG00000142669,SH3BGRL3,0.10184900082736945,41.47171522672232
1,17,ENSG00000146278,PNRC1,0.09652060448380334,41.47171522672232
1,18,ENSG00000130203,APOE,-0.09505236465903531,41.47171522672232
1,19,ENSG00000111348,ARHGDIB,0.09407920596527891,41.47171522672232
1,20,ENSG00000118640,VAMP8,0.09280629169517975,41.47171522672232
2,1,ENSG00000130656,HBZ,-0.28187836601132554,29.245654671123408
2,2,ENSG00000196565,HBG2,-0.21183434396953607,29.245654671123408
2,3,ENSG00000250361,GYPB,-0.16492995644661898,29.245654671123408
2,4,ENSG00000158578,ALAS2,-0.16006579840449905,29.245654671123408
2,5,ENSG00000251562,MALAT1,-0.15372375867073143,29.245654671123408
2,6,ENSG00000213934,HBG1,-0.14567235726793326,29.245654671123408
2,7,ENSG00000245532,NEAT1,-0.13211692738768663,29.245654671123408
2,8,ENSG00000239672,NME1,0.12203328085745913,29.245654671123408
2,9,ENSG00000099901,RANBP1,0.1197209337406571,29.245654671123408
2,10,ENSG00000116649,SRM,0.11948318686464494,29.245654671123408
2,11,ENSG00000187514,PTMA,0.11633632533956163,29.245654671123408
2,12,ENSG00000108106,UBE2S,0.11260393208187565,29.245654671123408
2,13,ENSG00000206172,HBA1,-0.10807384504469453,29.245654671123408
2,14,ENSG00000069482,GAL,0.1069621284093664,29.245654671123408
2,15,ENSG00000165732,DDX21,0.10678418208514043,29.245654671123408
2,16,ENSG00000134333,LDHA,0.09918871013276456,29.245654671123408
2,17,ENSG00000074800,ENO1,0.09766879154817627,29.245654671123408
2,18,ENSG00000144381,HSPD1,0.09764669127433946,29.245654671123408
2,19,ENSG00000116161,CACYBP,0.09742960918955261,29.245654671123408
2,20,ENSG00000115758,ODC1,0.09631057070072066,29.245654671123408
3,1,ENSG00000130656,HBZ,-0.36384317712412145,20.24700447616611
3,2,ENSG00000204482,LST1,-0.17157552879322244,20.24700447616611
3,3,ENSG00000104341,LAPTM4B,0.1582176898580243,20.24700447616611
3,4,ENSG00000120833,SOCS2,0.1534149823734736,20.24700447616611
3,5,ENSG00000160932,LY6E,0.14349073784709007,20.24700447616611
3,6,ENSG00000206172,HBA1,-0.14145865894445903,20.24700447616611
3,7,ENSG00000197766,CFD,-0.1367754338150656,20.24700447616611
3,8,ENSG00000250361,GYPB,0.1327551542769251,20.24700447616611
3,9,ENSG00000196565,HBG2,-0.1266268621191244,20.24700447616611
3,10,ENSG00000189171,S100A13,0.12530778840043114,20.24700447616611
3,11,ENSG00000149516,MS4A3,-0.11475056457466706,20.24700447616611
3,12,ENSG00000092067,CEBPE,-0.11112905767296297,20.24700447616611
3,13,ENSG00000213934,HBG1,-0.10531817396679514,20.24700447616611
3,14,ENSG00000166669,ATF7IP2,0.10275871019930649,20.24700447616611
3,15,ENSG00000105205,CLC,-0.10116928240720767,20.24700447616611
3,16,ENSG00000185420,SMYD3,0.09774295999020167,20.24700447616611
3,17,ENSG00000119535,CSF3R,-0.09758114411611461,20.24700447616611
3,18,ENSG00000178104,PDE4DIP,0.09569320959542543,20.24700447616611
3,19,ENSG00000117318,ID3,0.09004588952842124,20.24700447616611
3,20,ENSG00000081189,MEF2C,0.08961239073432238,20.24700447616611
4,1,ENSG00000196565,HBG2,-0.2340701874543397,15.654845827116134
4,2,ENSG00000142669,SH3BGRL3,-0.2094095323111574,15.654845827116134
4,3,ENSG00000213934,HBG1,-0.18569258006869063,15.654845827116134
4,4,ENSG00000163497,FEV,-0.16073597664149436,15.654845827116134
4,5,ENSG00000130208,APOC1,0.14079804253950917,15.654845827116134
4,6,ENSG00000170180,GYPA,-0.12173759074159138,15.654845827116134
4,7,ENSG00000205542,TMSB4X,-0.11769813629567295,15.654845827116134
4,8,ENSG00000213719,CLIC1,-0.11725298800492291,15.654845827116134
4,9,ENSG00000137193,PIM1,-0.11284513615942157,15.654845827116134
4,10,ENSG00000142227,EMP3,-0.11249240558679888,15.654845827116134
4,11,ENSG00000250361,GYPB,-0.10904722514016821,15.654845827116134
4,12,ENSG00000130656,HBZ,-0.10710751540494634,15.654845827116134
4,13,ENSG00000158869,FCER1G,-0.10504397033499621,15.654845827116134
4,14,ENSG00000135404,CD63,-0.10363177761503296,15.654845827116134
4,15,ENSG00000092841,MYL6,-0.10097095813119114,15.654845827116134
4,16,ENSG00000070010,UFD1L,-0.0979770082216338,15.654845827116134
4,17,ENSG00000034510,TMSB10,-0.09774849741302337,15.654845827116134
4,18,ENSG00000141744,PNMT,-0.09631939206872973,15.654845827116134
4,19,ENSG00000143158,MPC2,-0.09611929770968171,15.654845827116134
4,20,ENSG00000112576,CCND3,-0.09486719971937208,15.654845827116134
5,1,ENSG00000034510,TMSB10,0.2125593726424767,12.47162101911159
5,2,ENSG00000187837,HIST1H1C,-0.1815053349002923,12.47162101911159
5,3,ENSG00000130656,HBZ,0.1807779672892455,12.47162101911159
5,4,ENSG00000069482,GAL,0.1760406571325294,12.47162101911159
5,5,ENSG00000198336,MYL4,-0.1595694290599436,12.47162101911159
5,6,ENSG00000144591,GMPPA,0.1547272424365092,12.47162101911159
5,7,ENSG00000026025,VIM,0.14801407353974502,12.47162101911159
5,8,ENSG00000204472,AIF1,-0.1468209691518721,12.47162101911159
5,9,ENSG00000100097,LGALS1,0.14014816992941762,12.47162101911159
5,10,ENSG00000163497,FEV,-0.13780332773643522,12.47162101911159
5,11,ENSG00000163191,S100A11,0.1377024538522454,12.47162101911159
5,12,ENSG00000185201,IFITM2,-0.1242224105956663,12.47162101911159
5,13,ENSG00000142227,EMP3,0.12257208654926477,12.47162101911159
5,14,ENSG00000141744,PNMT,0.11442895107574894,12.47162101911159
5,15,ENSG00000182054,IDH2,-0.10754838466701139,12.47162101911159
5,16,ENSG00000125148,MT2A,-0.10390656451552989,12.47162101911159
5,17,ENSG00000120833,SOCS2,0.09999577586397015,12.47162101911159
5,18,ENSG00000109861,CTSC,0.09895890443440812,12.47162101911159
5,19,ENSG00000130203,APOE,-0.09841142151234128,12.47162101911159
5,20,ENSG00000206172,HBA1,0.09651897271311348,12.47162101911159
