barcode_group,target_gene,n_cells,single_target_cells,double_target_cells,fraction_of_all_group_cells,fraction_of_noncontrol_group_cells
1,AHR,155,59,96,0.01249093399951648,0.013595298658012456
1,ARID1A,24,24,0,0.0019340801031509389,0.0021050785018857997
1,ARRDC3,59,59,0,0.0047546135869127246,0.005174984650469257
1,ATL1,31,31,0,0.002498186799903296,0.002719059731602491
1,BAK1,260,139,121,0.02095253445080184,0.02280501710376283
1,BCL2L11,134,66,68,0.010798613909259408,0.01175335496886238
1,BCORL1,62,62,0,0.004996373599806592,0.005438119463204982
1,BPGM,142,60,82,0.011443307276976388,0.012455047802824314
1,C19orf26,154,117,37,0.012410347328551858,0.013507587053767213
1,C3orf72,37,31,6,0.0029817068256910305,0.003245329357073941
1,CBFA2T3,152,79,73,0.012249173986622612,0.01333216384527673
1,CBL,241,79,162,0.01942138770247401,0.021138496623103235
1,CDKN1A,55,36,19,0.0044322669030542345,0.004824138233488291
1,CDKN1B,71,45,26,0.005721653638488194,0.006227523901412157
1,CDKN1C,36,15,21,0.0029011201547264084,0.0031576177528286993
1,CEBPA,174,66,108,0.014022080747844307,0.015261819138672045
1,CEBPB,225,65,160,0.01813200096704005,0.01973511095517937
1,CEBPE,601,116,485,0.048432589249738096,0.05271467415139023
1,CELF2,59,59,0,0.0047546135869127246,0.005174984650469257
1,CITED1,17,17,0,0.0013699734063985817,0.001491097272169108
1,CKS1B,17,17,0,0.0013699734063985817,0.001491097272169108
1,CLDN6,101,74,27,0.008139253767426868,0.008858872028769406
1,CNN1,363,87,276,0.02925296156015795,0.03183931234102272
1,CNNM4,52,52,0,0.004190506890160367,0.004561003420752566
1,COL1A1,37,37,0,0.0029817068256910305,0.003245329357073941
1,COL2A1,97,63,34,0.007816907083568378,0.00850802561178844
1,CSRNP1,43,43,0,0.0034652268514787656,0.0037715989825453907
1,DLX2,104,85,19,0.008381013780320735,0.009122006841505131
1,DUSP9,371,86,285,0.02989765492787493,0.03254100517498465
1,EGR1,38,38,0,0.003062293496655653,0.0033330409613191825
1,ELMSAN1,320,107,213,0.025787734708679184,0.028067713358477325
1,ETS2,624,128,496,0.05028608268192441,0.05473204104903079
1,FEV,210,89,121,0.016923200902570715,0.018419436891500746
1,FOSB,244,65,179,0.01966314771536788,0.021401631435838963
1,FOXA1,282,122,160,0.02272544121202353,0.024734672397158142
1,FOXA3,146,51,95,0.011765653960834878,0.01280589421980528
1,FOXF1,205,100,105,0.016520267547747602,0.01798087887027454
1,FOXL2,257,67,190,0.02071077443790797,0.022541882291027104
1,FOXO4,28,28,0,0.0022564267870094287,0.002455924918866766
1,GLB1L2,46,46,0,0.0037069868643726327,0.004034733795281116
1,HES7,20,20,0,0.001611733419292449,0.0017542320849048328
1,HK2,32,32,0,0.0025787734708679184,0.0028067713358477324
1,HNF4A,32,32,0,0.0025787734708679184,0.0028067713358477324
1,HOXA13,26,26,0,0.0020952534450801837,0.002280501710376283
1,HOXB9,196,83,113,0.015794987509066,0.017191474432067363
1,HOXC13,130,61,69,0.01047626722540092,0.011402508551881414
1,IER5L,140,54,86,0.011282133935047144,0.01227962459433383
1,IGDCC3,282,74,208,0.02272544121202353,0.024734672397158142
1,IKZF3,268,92,176,0.021597227818518815,0.02350670993772476
1,IRF1,107,41,66,0.008622773793214602,0.009385141654240856
1,ISL2,95,61,34,0.0076557337416391326,0.008332602403297956
1,JUN,52,40,12,0.004190506890160367,0.004561003420752566
1,KIAA1804,29,29,0,0.0023370134579740512,0.002543636523112008
1,KIF18B,41,25,16,0.0033040535095495206,0.0035961757740549075
1,KIF2C,74,58,16,0.005963413651382061,0.006490658714147882
1,KLF1,788,248,540,0.06350229672012249,0.06911674414525042
1,KMT2A,26,26,0,0.0020952534450801837,0.002280501710376283
1,LHX1,137,59,78,0.011040373922153277,0.012016489781598106
1,LYL1,145,44,101,0.011685067289870255,0.012718182615560038
1,MAML2,64,64,0,0.005157546941735837,0.005613542671695465
1,MAP2K3,247,58,189,0.019904907728261746,0.021664766248574687
1,MAP2K6,329,107,222,0.026513014747360786,0.0288571177966845
1,MAP4K3,52,52,0,0.004190506890160367,0.004561003420752566
1,MAP4K5,40,40,0,0.003223466838584898,0.0035084641698096657
1,MAP7D1,154,96,58,0.012410347328551858,0.013507587053767213
1,MAPK1,447,87,360,0.036022241921186235,0.039207087097623015
1,MEIS1,112,92,20,0.009025707148037715,0.009823699675467064
1,MIDN,28,28,0,0.0022564267870094287,0.002455924918866766
1,NCL,37,37,0,0.0029817068256910305,0.003245329357073941
1,NIT1,22,22,0,0.0017729067612216938,0.0019296552933953162
1,OSR2,277,92,185,0.02232250785720042,0.024296114375931935
1,PLK4,23,9,14,0.0018534934321863164,0.002017366897640558
1,POU3F2,115,41,74,0.009267467160931582,0.01008683448820279
1,PRDM1,69,45,24,0.005560480296558949,0.0060521006929216735
1,PRTG,255,71,184,0.020549601095978726,0.022366459082536618
1,PTPN1,38,38,0,0.003062293496655653,0.0033330409613191825
1,PTPN12,482,45,437,0.03884277540494802,0.04227699324620647
1,PTPN13,30,30,0,0.0024176001289386738,0.0026313481273572492
1,PTPN9,163,42,121,0.01313562736723346,0.014296991491974389
1,RHOXF2BB,86,41,45,0.006930453702957531,0.007543197965090781
1,RREB1,47,47,0,0.0037875735353372552,0.004122445399526357
1,RUNX1T1,220,92,128,0.017729067612216938,0.019296552933953163
1,S1PR2,105,62,43,0.008461600451285358,0.009209718445750373
1,SAMD1,200,56,144,0.01611733419292449,0.01754232084904833
1,SET,338,105,233,0.027238294786042387,0.029646522234891677
1,SGK1,170,58,112,0.013699734063985817,0.01491097272169108
1,SLC38A2,86,40,46,0.006930453702957531,0.007543197965090781
1,SLC4A1,103,103,0,0.008300427109356112,0.00903429523725989
1,SLC6A9,61,61,0,0.00491578692884197,0.005350407858959741
1,SNAI1,169,47,122,0.013619147393021194,0.014823261117445839
1,SPI1,115,66,49,0.009267467160931582,0.01008683448820279
1,STIL,44,30,14,0.0035458135224433877,0.0038593105867906325
1,TBX2,241,75,166,0.01942138770247401,0.021138496623103235
1,TBX3,249,96,153,0.02006608107019099,0.02184018945706517
1,TGFBR2,384,69,315,0.030945281650415022,0.033681256030172795
1,TMSB4X,106,60,46,0.00854218712224998,0.009297430049995614
1,TP73,29,29,0,0.0023370134579740512,0.002543636523112008
1,TSC22D1,43,43,0,0.0034652268514787656,0.0037715989825453907
1,UBASH3A,248,105,143,0.019985494399226367,0.02175247785281993
1,UBASH3B,642,155,487,0.05173664275928761,0.05631084992544513
1,ZBTB1,125,64,61,0.010073333870577806,0.010963950530655206
1,ZBTB10,88,15,73,0.007091627044886775,0.007718621173581265
1,ZBTB25,186,80,106,0.014989120799419777,0.016314358389614945
1,ZC3HAV1,174,53,121,0.014022080747844307,0.015261819138672045
1,ZNF318,117,85,32,0.009428640502860826,0.010262257696693273
2,AHR,125,52,73,0.010943792680791455,0.0119115685153421
2,ARID1A,25,25,0,0.0021887585361582912,0.00238231370306842
2,ARRDC3,47,47,0,0.004114866047977587,0.00447874976176863
2,ATL1,26,26,0,0.0022763088776046225,0.0024776062511911567
2,BAK1,244,144,100,0.02136228331290492,0.02325138174194778
2,BCL2L11,133,57,76,0.011644195412362108,0.012673908900323995
2,BCORL1,54,54,0,0.004727718438101909,0.005145797598627788
2,BPGM,100,42,58,0.008755034144633165,0.00952925481227368
2,C19orf26,151,104,47,0.013220101558396077,0.014389174766533256
2,C3orf72,38,31,7,0.0033269129749606023,0.0036211168286639983
2,CBFA2T3,108,62,46,0.009455436876203817,0.010291595197255575
2,CBL,254,70,184,0.022237786727368238,0.024204307223175146
2,CDKN1A,62,36,26,0.005428121169672562,0.0059081379836096815
2,CDKN1B,57,44,13,0.004990369462440904,0.005431675242995998
2,CDKN1C,39,18,21,0.003414463316406934,0.0037164093767867354
2,CEBPA,165,64,101,0.01444580633864472,0.015723270440251572
2,CEBPB,190,44,146,0.016634564874803012,0.018105584143319992
2,CEBPE,574,122,452,0.050253895990194364,0.05469792262245093
2,CELF2,35,35,0,0.0030642619506216075,0.003335239184295788
2,CITED1,15,15,0,0.0013132551216949746,0.001429388221841052
2,CKS1B,34,34,0,0.0029767116091752757,0.0032399466361730514
2,CLDN6,93,69,24,0.008142181754508843,0.008862206975414523
2,CNN1,367,85,282,0.032130975310803715,0.034972365161044405
2,CNNM4,44,44,0,0.0038522150236385924,0.0041928721174004195
2,COL1A1,29,29,0,0.0025389599019436174,0.0027634838955593673
2,COL2A1,75,48,27,0.006566275608474873,0.00714694110920526
2,CSRNP1,51,51,0,0.004465067413762913,0.004859919954259577
2,DLX2,92,70,22,0.008054631413062511,0.008766914427291786
2,DUSP9,338,94,244,0.029592015408860094,0.03220888126548504
2,EGR1,28,28,0,0.002451409560497286,0.0026681913474366306
2,ELMSAN1,312,105,207,0.027315706531255472,0.029731275014293884
2,ETS2,623,127,496,0.05454386272106461,0.05936725748046503
2,FEV,178,82,96,0.015583960777447031,0.01696207356584715
2,FOSB,235,62,173,0.020574330239887934,0.022393748808843147
2,FOXA1,248,94,154,0.021712484678690247,0.023632551934438726
2,FOXA3,149,53,96,0.013045000875503414,0.014198589670287783
2,FOXF1,178,86,92,0.015583960777447031,0.01696207356584715
2,FOXL2,241,78,163,0.021099632288565925,0.02296550409757957
2,FOXO4,20,20,0,0.001751006828926633,0.001905850962454736
2,GLB1L2,50,50,0,0.0043775170723165824,0.00476462740613684
2,HES7,17,17,0,0.0014883558045876379,0.0016199733180865257
2,HK2,27,27,0,0.0023638592190509543,0.002572898799313894
2,HNF4A,26,26,0,0.0022763088776046225,0.0024776062511911567
2,HOXA13,25,25,0,0.0021887585361582912,0.00238231370306842
2,HOXB9,193,74,119,0.016897215899142008,0.018391461787688204
2,HOXC13,134,46,88,0.01173174575380844,0.012769201448446732
2,IER5L,116,57,59,0.01015583960777447,0.01105393558223747
2,IGDCC3,225,62,163,0.01969882682542462,0.02144082332761578
2,IKZF3,226,75,151,0.019786377166870952,0.021536115875738518
2,IRF1,87,49,38,0.007616879705830853,0.008290451686678102
2,ISL2,83,58,25,0.007266678340045526,0.007909281494187155
2,JUN,56,39,17,0.004902819120994572,0.005336382694873261
2,KIAA1804,22,22,0,0.0019261075118192962,0.0020964360587002098
2,KIF18B,44,40,4,0.0038522150236385924,0.0041928721174004195
2,KIF2C,77,73,4,0.006741376291367536,0.007337526205450734
2,KLF1,610,189,421,0.0534057082822623,0.05812845435486945
2,KMT2A,23,23,0,0.0020136578532656277,0.0021917286068229465
2,LHX1,131,57,74,0.011469094729469446,0.012483323804078522
2,LYL1,124,49,75,0.010856242339345124,0.011816275967219363
2,MAML2,84,84,0,0.007354228681491858,0.008004574042309892
2,MAP2K3,246,62,184,0.021537383995797584,0.023441966838193252
2,MAP2K6,251,70,181,0.021975135703029242,0.023918429578806938
2,MAP4K3,42,42,0,0.003677114340745929,0.004002287021154946
2,MAP4K5,46,46,0,0.0040273157065312554,0.004383457213645893
2,MAP7D1,147,76,71,0.01286990019261075,0.01400800457404231
2,MAPK1,399,87,312,0.034932586237086324,0.03802172670097198
2,MEIS1,125,101,24,0.010943792680791455,0.0119115685153421
2,MIDN,38,38,0,0.0033269129749606023,0.0036211168286639983
2,NCL,27,27,0,0.0023638592190509543,0.002572898799313894
2,NIT1,18,18,0,0.0015759061460339696,0.0017152658662092624
2,OSR2,319,114,205,0.027928558921379795,0.03039832285115304
2,PLK4,23,13,10,0.0020136578532656277,0.0021917286068229465
2,POU3F2,91,34,57,0.007967081071616179,0.00867162187916905
2,PRDM1,38,30,8,0.0033269129749606023,0.0036211168286639983
2,PRTG,214,65,149,0.01873577306951497,0.020392605298265677
2,PTPN1,36,36,0,0.003151812292067939,0.003430531732418525
2,PTPN12,462,45,417,0.04044825774820522,0.0440251572327044
2,PTPN13,38,38,0,0.0033269129749606023,0.0036211168286639983
2,PTPN9,137,40,97,0.011994396778147435,0.013055079092814942
2,RHOXF2BB,103,31,72,0.009017685168972158,0.00981513245664189
2,RREB1,33,33,0,0.002889161267728944,0.0031446540880503146
2,RUNX1T1,216,86,130,0.018910873752407634,0.02058319039451115
2,S1PR2,108,58,50,0.009455436876203817,0.010291595197255575
2,SAMD1,152,50,102,0.013307651899842409,0.014484467314655993
2,SET,290,107,183,0.025389599019436177,0.027634838955593672
2,SGK1,175,51,124,0.015321309753108038,0.01667619592147894
2,SLC38A2,83,43,40,0.007266678340045526,0.007909281494187155
2,SLC4A1,101,101,0,0.008842584486079495,0.009624547360396416
2,SLC6A9,55,55,0,0.00481526877954824,0.005241090146750524
2,SNAI1,158,45,113,0.0138329539485204,0.015056222603392415
2,SPI1,118,63,55,0.010330940290667133,0.011244520678482943
2,STIL,41,31,10,0.003589563999299597,0.0039069944730322085
2,TBX2,234,68,166,0.020486779898441602,0.022298456260720412
2,TBX3,205,63,142,0.017947819996497985,0.019534972365161045
2,TGFBR2,378,72,306,0.03309402906671336,0.036020583190394515
2,TMSB4X,94,54,40,0.008229732095955174,0.00895749952353726
2,TP73,26,26,0,0.0022763088776046225,0.0024776062511911567
2,TSC22D1,41,41,0,0.003589563999299597,0.0039069944730322085
2,UBASH3A,184,88,96,0.016109262826125022,0.017533828854583572
2,UBASH3B,574,141,433,0.050253895990194364,0.05469792262245093
2,ZBTB1,138,80,58,0.012081947119593766,0.013150371640937679
2,ZBTB10,87,16,71,0.007616879705830853,0.008290451686678102
2,ZBTB25,184,64,120,0.016109262826125022,0.017533828854583572
2,ZC3HAV1,211,72,139,0.018473122045175976,0.020106727653897465
2,ZNF318,77,54,23,0.006741376291367536,0.007337526205450734
3,AHR,162,62,100,0.013986013986013986,0.015111940298507463
3,ARID1A,21,21,0,0.001813001813001813,0.001958955223880597
3,ARRDC3,50,50,0,0.00431667098333765,0.0046641791044776115
3,ATL1,44,44,0,0.003798670465337132,0.004104477611940298
3,BAK1,246,155,91,0.021238021238021237,0.022947761194029852
3,BCL2L11,113,50,63,0.009755676422343089,0.010541044776119403
3,BCORL1,63,63,0,0.005439005439005439,0.005876865671641791
3,BPGM,131,55,76,0.011309677976344643,0.012220149253731343
3,C19orf26,118,90,28,0.010187343520676854,0.011007462686567163
3,C3orf72,39,30,9,0.003367003367003367,0.003638059701492537
3,CBFA2T3,125,61,64,0.010791677458344124,0.01166044776119403
3,CBL,223,64,159,0.01925235258568592,0.02080223880597015
3,CDKN1A,56,33,23,0.004834671501338168,0.0052238805970149255
3,CDKN1B,79,54,25,0.006820340153673487,0.007369402985074627
3,CDKN1C,37,17,20,0.003194336527669861,0.003451492537313433
3,CEBPA,178,67,111,0.015367348700682034,0.0166044776119403
3,CEBPB,212,60,152,0.018302684969351637,0.019776119402985074
3,CEBPE,629,127,502,0.05430372097038764,0.05867537313432836
3,CELF2,51,51,0,0.004403004403004403,0.004757462686567164
3,CITED1,21,21,0,0.001813001813001813,0.001958955223880597
3,CKS1B,30,30,0,0.00259000259000259,0.002798507462686567
3,CLDN6,85,59,26,0.007338340671674005,0.00792910447761194
3,CNN1,347,76,271,0.029957696624363293,0.032369402985074625
3,CNNM4,47,47,0,0.004057670724337391,0.004384328358208955
3,COL1A1,40,40,0,0.00345333678667012,0.0037313432835820895
3,COL2A1,94,63,31,0.008115341448674781,0.00876865671641791
3,CSRNP1,51,51,0,0.004403004403004403,0.004757462686567164
3,DLX2,101,81,20,0.008719675386342053,0.009421641791044776
3,DUSP9,337,77,260,0.02909436242769576,0.031436567164179106
3,EGR1,37,37,0,0.003194336527669861,0.003451492537313433
3,ELMSAN1,276,93,183,0.023828023828023827,0.025746268656716417
3,ETS2,642,131,511,0.05542605542605543,0.05988805970149254
3,FEV,196,64,132,0.01692135025468359,0.01828358208955224
3,FOSB,258,76,182,0.022274022274022275,0.024067164179104476
3,FOXA1,223,84,139,0.01925235258568592,0.02080223880597015
3,FOXA3,144,56,88,0.012432012432012432,0.013432835820895522
3,FOXF1,185,99,86,0.015971682638349305,0.017257462686567165
3,FOXL2,246,71,175,0.021238021238021237,0.022947761194029852
3,FOXO4,13,13,0,0.001122334455667789,0.001212686567164179
3,GLB1L2,52,52,0,0.004489337822671156,0.004850746268656716
3,HES7,17,17,0,0.001467668134334801,0.001585820895522388
3,HK2,34,34,0,0.002935336268669602,0.003171641791044776
3,HNF4A,20,20,0,0.00172666839333506,0.0018656716417910447
3,HOXA13,45,45,0,0.003885003885003885,0.004197761194029851
3,HOXB9,187,83,104,0.016144349477682812,0.01744402985074627
3,HOXC13,108,37,71,0.009324009324009324,0.010074626865671642
3,IER5L,101,38,63,0.008719675386342053,0.009421641791044776
3,IGDCC3,243,65,178,0.02097902097902098,0.022667910447761196
3,IKZF3,242,66,176,0.020892687559354226,0.022574626865671642
3,IRF1,97,36,61,0.00837434170767504,0.009048507462686567
3,ISL2,79,45,34,0.006820340153673487,0.007369402985074627
3,JUN,45,32,13,0.003885003885003885,0.004197761194029851
3,KIAA1804,33,33,0,0.002849002849002849,0.003078358208955224
3,KIF18B,34,22,12,0.002935336268669602,0.003171641791044776
3,KIF2C,75,63,12,0.006475006475006475,0.006996268656716418
3,KLF1,657,223,434,0.05672105672105672,0.06128731343283582
3,KMT2A,31,31,0,0.002676336009669343,0.0028917910447761193
3,LHX1,97,35,62,0.00837434170767504,0.009048507462686567
3,LYL1,138,53,85,0.011914011914011913,0.012873134328358208
3,MAML2,48,48,0,0.004144004144004144,0.004477611940298508
3,MAP2K3,241,68,173,0.020806354139687473,0.02248134328358209
3,MAP2K6,321,109,212,0.027713027713027714,0.02994402985074627
3,MAP4K3,36,36,0,0.003108003108003108,0.0033582089552238806
3,MAP4K5,48,48,0,0.004144004144004144,0.004477611940298508
3,MAP7D1,154,85,69,0.013295346628679962,0.014365671641791044
3,MAPK1,409,85,324,0.035310368643701975,0.03815298507462687
3,MEIS1,102,82,20,0.008806008806008805,0.009514925373134328
3,MIDN,28,28,0,0.002417335750669084,0.0026119402985074628
3,NCL,24,24,0,0.002072002072002072,0.002238805970149254
3,NIT1,24,24,0,0.002072002072002072,0.002238805970149254
3,OSR2,291,117,174,0.02512302512302512,0.0271455223880597
3,PLK4,25,16,9,0.002158335491668825,0.0023320895522388058
3,POU3F2,100,35,65,0.0086333419666753,0.009328358208955223
3,PRDM1,47,34,13,0.004057670724337391,0.004384328358208955
3,PRTG,271,100,171,0.023396356729690062,0.025279850746268658
3,PTPN1,40,40,0,0.00345333678667012,0.0037313432835820895
3,PTPN12,452,37,415,0.039022705689372356,0.04216417910447761
3,PTPN13,23,23,0,0.001985668652335319,0.0021455223880597015
3,PTPN9,144,51,93,0.012432012432012432,0.013432835820895522
3,RHOXF2BB,103,34,69,0.008892342225675559,0.009608208955223881
3,RREB1,34,34,0,0.002935336268669602,0.003171641791044776
3,RUNX1T1,212,87,125,0.018302684969351637,0.019776119402985074
3,S1PR2,92,55,37,0.007942674609341276,0.008582089552238806
3,SAMD1,183,56,127,0.015799015799015798,0.01707089552238806
3,SET,339,92,247,0.029267029267029267,0.031623134328358206
3,SGK1,149,54,95,0.012863679530346197,0.013899253731343283
3,SLC38A2,67,35,32,0.005784339117672451,0.00625
3,SLC4A1,124,124,0,0.010705344038677372,0.011567164179104477
3,SLC6A9,63,63,0,0.005439005439005439,0.005876865671641791
3,SNAI1,172,63,109,0.014849348182681516,0.016044776119402984
3,SPI1,116,54,62,0.010014676681343348,0.01082089552238806
3,STIL,48,39,9,0.004144004144004144,0.004477611940298508
3,TBX2,213,83,130,0.01838901838901839,0.019869402985074627
3,TBX3,196,56,140,0.01692135025468359,0.01828358208955224
3,TGFBR2,323,69,254,0.02788569455236122,0.030130597014925372
3,TMSB4X,83,52,31,0.007165673832340499,0.007742537313432836
3,TP73,30,30,0,0.00259000259000259,0.002798507462686567
3,TSC22D1,53,53,0,0.004575671242337909,0.0049440298507462685
3,UBASH3A,201,88,113,0.017353017353017353,0.01875
3,UBASH3B,570,137,433,0.04921004921004921,0.05317164179104478
3,ZBTB1,135,72,63,0.011655011655011656,0.012593283582089552
3,ZBTB10,97,21,76,0.00837434170767504,0.009048507462686567
3,ZBTB25,189,79,110,0.016317016317016316,0.017630597014925375
3,ZC3HAV1,208,65,143,0.017957351290684626,0.019402985074626865
3,ZNF318,111,78,33,0.009583009583009583,0.010354477611940298
4,AHR,125,60,65,0.011760278483394487,0.012813941568426449
4,ARID1A,29,29,0,0.002728384608147521,0.002972834443874936
4,ARRDC3,54,54,0,0.005080440304826418,0.005535622757560226
4,ATL1,36,36,0,0.003386960203217612,0.003690415171706817
4,BAK1,208,136,72,0.019569103396368425,0.021322398769861608
4,BCL2L11,120,60,60,0.011289867344058707,0.01230138390568939
4,BCORL1,52,52,0,0.004892275849092106,0.005330599692465402
4,BPGM,102,46,56,0.009596387242449902,0.010456176319835982
4,C19orf26,102,71,31,0.009596387242449902,0.010456176319835982
4,C3orf72,32,26,6,0.0030106312917489884,0.0032803690415171708
4,CBFA2T3,107,49,58,0.010066798381785681,0.01096873398257304
4,CBL,204,58,146,0.019192774484899804,0.020912352639671963
4,CDKN1A,41,29,12,0.0038573713425533915,0.004202972834443875
4,CDKN1B,61,44,17,0.00573901589989651,0.006253203485392106
4,CDKN1C,35,18,17,0.0032928779753504563,0.0035879036391594054
4,CEBPA,178,71,107,0.01674663656035375,0.018247052793439262
4,CEBPB,209,45,164,0.019663185624235583,0.02142491030240902
4,CEBPE,601,137,464,0.056543418948160694,0.06160943106099436
4,CELF2,58,58,0,0.005456769216295042,0.005945668887749872
4,CITED1,22,22,0,0.0020698090130774295,0.0022552537160430547
4,CKS1B,22,22,0,0.0020698090130774295,0.0022552537160430547
4,CLDN6,98,73,25,0.009220058330981277,0.010046130189646335
4,CNN1,322,79,243,0.0302944773732242,0.03300871348026653
4,CNNM4,53,53,0,0.0049863580769592625,0.005433111225012814
4,COL1A1,29,29,0,0.002728384608147521,0.002972834443874936
4,COL2A1,86,48,38,0.008091071596575407,0.008815991799077397
4,CSRNP1,43,43,0,0.004045535798287704,0.004407995899538698
4,DLX2,114,82,32,0.010725373976855771,0.01168631471040492
4,DUSP9,337,89,248,0.03170571079123154,0.034546386468477706
4,EGR1,29,29,0,0.002728384608147521,0.002972834443874936
4,ELMSAN1,267,90,177,0.025119954840530624,0.02737057919015889
4,ETS2,575,121,454,0.05409728102361464,0.058944131214761664
4,FEV,184,74,110,0.017311129927556686,0.01886212198872373
4,FOSB,227,53,174,0.02135666572584439,0.02327011788826243
4,FOXA1,198,69,129,0.018628281117696866,0.020297283444387495
4,FOXA3,154,48,106,0.014488663091542007,0.015786776012301384
4,FOXF1,174,88,86,0.016370307648885127,0.017837006663249614
4,FOXL2,187,60,127,0.017593376611158153,0.019169656586365966
4,FOXO4,26,26,0,0.002446137924546053,0.002665299846232701
4,GLB1L2,49,49,0,0.004610029165490638,0.005023065094823168
4,HES7,13,13,0,0.0012230689622730266,0.0013326499231163505
4,HK2,33,33,0,0.0031047135196161446,0.0033828805740645823
4,HNF4A,25,25,0,0.0023520556966788973,0.0025627883136852894
4,HOXA13,17,17,0,0.0015993978737416502,0.001742696053305997
4,HOXB9,173,72,101,0.01627622542101797,0.017734495130702205
4,HOXC13,85,40,45,0.007996989368708251,0.008713480266529985
4,IER5L,112,37,75,0.01053720952112146,0.011481291645310098
4,IGDCC3,231,53,178,0.02173299463731301,0.023680164018452077
4,IKZF3,225,67,158,0.021168501270110076,0.023065094823167605
4,IRF1,64,27,37,0.006021262583497977,0.0065607380830343415
4,ISL2,98,60,38,0.009220058330981277,0.010046130189646335
4,JUN,30,14,16,0.002822466836014677,0.0030753459764223477
4,KIAA1804,16,16,0,0.0015053156458744942,0.0016401845207585854
4,KIF18B,36,27,9,0.003386960203217612,0.003690415171706817
4,KIF2C,79,70,9,0.007432496001505316,0.008098411071245515
4,KLF1,628,207,421,0.059083639100573904,0.06437724243977447
4,KMT2A,18,18,0,0.001693480101608806,0.0018452075858534085
4,LHX1,89,33,56,0.008373318280176874,0.009123526396719631
4,LYL1,150,51,99,0.014112334180073384,0.015376729882111738
4,MAML2,68,68,0,0.006397591494966601,0.006970784213223988
4,MAP2K3,251,60,191,0.023614639194656128,0.025730394669400306
4,MAP2K6,272,97,175,0.025590365979866404,0.02788313685289595
4,MAP4K3,37,37,0,0.003481042431084768,0.0037929267042542286
4,MAP4K5,25,25,0,0.0023520556966788973,0.0025627883136852894
4,MAP7D1,118,59,59,0.011101702888324395,0.012096360840594567
4,MAPK1,372,75,297,0.03499858876658199,0.03813429010763711
4,MEIS1,93,75,18,0.008749647191645497,0.009533572526909277
4,MIDN,27,27,0,0.002540220152413209,0.002767811378780113
4,NCL,18,18,0,0.001693480101608806,0.0018452075858534085
4,NIT1,15,15,0,0.0014112334180073384,0.0015376729882111738
4,OSR2,251,94,157,0.023614639194656128,0.025730394669400306
4,PLK4,15,9,6,0.0014112334180073384,0.0015376729882111738
4,POU3F2,94,33,61,0.008843729419512654,0.00963608405945669
4,PRDM1,35,22,13,0.0032928779753504563,0.0035879036391594054
4,PRTG,198,49,149,0.018628281117696866,0.020297283444387495
4,PTPN1,60,60,0,0.005644933672029354,0.006150691952844695
4,PTPN12,426,41,385,0.04007902907140841,0.043669912865197336
4,PTPN13,31,31,0,0.0029165490638818326,0.003177857508969759
4,PTPN9,152,49,103,0.014300498635807696,0.01558175294720656
4,RHOXF2BB,95,40,55,0.00893781164737981,0.009738595592004101
4,RREB1,27,27,0,0.002540220152413209,0.002767811378780113
4,RUNX1T1,225,83,142,0.021168501270110076,0.023065094823167605
4,S1PR2,85,51,34,0.007996989368708251,0.008713480266529985
4,SAMD1,162,53,109,0.015241320914479255,0.016606868272680677
4,SET,302,89,213,0.02841283281588108,0.030958482829318297
4,SGK1,158,55,103,0.014864992003010632,0.01619682214249103
4,SLC38A2,73,38,35,0.00686800263430238,0.007483341875961046
4,SLC4A1,108,108,0,0.010160880609652836,0.011071245515120452
4,SLC6A9,53,53,0,0.0049863580769592625,0.005433111225012814
4,SNAI1,152,34,118,0.014300498635807696,0.01558175294720656
4,SPI1,101,56,45,0.009502305014582746,0.01035366478728857
4,STIL,39,33,6,0.00366920688681908,0.003997949769349052
4,TBX2,224,68,156,0.02107441904224292,0.022962583290620196
4,TBX3,224,71,153,0.02107441904224292,0.022962583290620196
4,TGFBR2,337,64,273,0.03170571079123154,0.034546386468477706
4,TMSB4X,67,45,22,0.006303509267099445,0.006868272680676576
4,TP73,32,32,0,0.0030106312917489884,0.0032803690415171708
4,TSC22D1,39,39,0,0.00366920688681908,0.003997949769349052
4,UBASH3A,176,78,98,0.016558472104619436,0.018042029728344438
4,UBASH3B,456,91,365,0.042901495907423086,0.04674525884161968
4,ZBTB1,115,65,50,0.010819456204722928,0.011788826242952332
4,ZBTB10,76,16,60,0.007150249317903848,0.00779087647360328
4,ZBTB25,140,62,78,0.013171511901401825,0.014351614556637622
4,ZC3HAV1,145,36,109,0.013641923040737605,0.01486417221937468
4,ZNF318,73,59,14,0.00686800263430238,0.007483341875961046
5,AHR,133,59,74,0.012540071657552328,0.013592233009708738
5,ARID1A,25,25,0,0.0023571563266075804,0.0025549310168625446
5,ARRDC3,48,48,0,0.004525740147086555,0.004905467552376086
5,ATL1,44,44,0,0.004148595134829342,0.0044966785896780785
5,BAK1,232,143,89,0.02187441071091835,0.023709759836484413
5,BCL2L11,115,55,60,0.010842919102394872,0.011752682677567705
5,BCORL1,51,51,0,0.0048085989062794645,0.005212059274399591
5,BPGM,114,47,67,0.010748632849330567,0.011650485436893204
5,C19orf26,107,81,26,0.010088629077880445,0.01093510475217169
5,C3orf72,31,25,6,0.0029228738449933998,0.0031681144609095554
5,CBFA2T3,120,60,60,0.011314350367716388,0.012263668880940215
5,CBL,229,68,161,0.02159155195172544,0.023403168114460908
5,CDKN1A,53,31,22,0.004997171412408071,0.005416453755748595
5,CDKN1B,74,54,20,0.006977182726758438,0.007562595809913132
5,CDKN1C,42,16,26,0.003960022628700735,0.004292284108329075
5,CEBPA,161,80,81,0.01518008674335282,0.016453755748594787
5,CEBPB,197,40,157,0.018574391853667736,0.020132856412876852
5,CEBPE,585,118,467,0.05515745804261739,0.05978538579458355
5,CELF2,40,40,0,0.003771450122572129,0.004087889626980072
5,CITED1,23,23,0,0.0021685838204789742,0.002350536535513541
5,CKS1B,22,22,0,0.002074297567414671,0.0022483392948390393
5,CLDN6,93,62,31,0.0087686215349802,0.009504343382728667
5,CNN1,308,67,241,0.029040165943805395,0.031476750127746554
5,CNNM4,54,54,0,0.005091457665472374,0.005518650996423097
5,COL1A1,34,34,0,0.0032057326041863097,0.0034747061829330608
5,COL2A1,101,74,27,0.009522911559494626,0.01032192130812468
5,CSRNP1,31,31,0,0.0029228738449933998,0.0031681144609095554
5,DLX2,98,74,24,0.009240052800301716,0.010015329586101174
5,DUSP9,328,84,244,0.03092589100509146,0.033520694941236585
5,EGR1,28,28,0,0.0026400150858004903,0.00286152273888605
5,ELMSAN1,269,84,185,0.025363002074297567,0.02749105774144098
5,ETS2,601,127,474,0.05666603809164624,0.061420541645375575
5,FEV,199,91,108,0.018762964359796342,0.020337250894225854
5,FOSB,200,52,148,0.018857250612860643,0.020439448134900357
5,FOXA1,239,98,141,0.02253441448236847,0.024425140521205927
5,FOXA3,139,51,88,0.013105789175938147,0.014205416453755748
5,FOXF1,150,71,79,0.014142937959645484,0.015329586101175269
5,FOXL2,201,59,142,0.018951536865924948,0.02054164537557486
5,FOXO4,27,27,0,0.002545728832736187,0.0027593254982115484
5,GLB1L2,36,36,0,0.0033943051103149163,0.0036791006642820645
5,HES7,18,18,0,0.0016971525551574581,0.0018395503321410323
5,HK2,33,33,0,0.0031114463511220064,0.003372508942258559
5,HNF4A,26,26,0,0.0024514425796718837,0.0026571282575370463
5,HOXA13,34,34,0,0.0032057326041863097,0.0034747061829330608
5,HOXB9,192,87,105,0.01810296058834622,0.019621870209504344
5,HOXC13,85,26,59,0.008014331510465773,0.008686765457332652
5,IER5L,89,20,69,0.008391476522722987,0.009095554420030658
5,IGDCC3,243,58,185,0.022911559494625682,0.024833929483903935
5,IKZF3,218,63,155,0.020554403168018102,0.02227899846704139
5,IRF1,75,40,35,0.007071468979822742,0.007664793050587634
5,ISL2,113,72,41,0.010654346596266264,0.011548288196218701
5,JUN,39,28,11,0.0036771638695078258,0.00398569238630557
5,KIAA1804,29,29,0,0.0027343013388647936,0.0029637199795605517
5,KIF18B,31,26,5,0.0029228738449933998,0.0031681144609095554
5,KIF2C,68,63,5,0.006411465208372619,0.0069494123658661216
5,KLF1,595,187,408,0.05610032057326042,0.060807358201328564
5,KMT2A,22,22,0,0.002074297567414671,0.0022483392948390393
5,LHX1,105,40,65,0.00990005657175184,0.010730710270822688
5,LYL1,124,36,88,0.011691495379973599,0.012672457843638222
5,MAML2,64,64,0,0.006034320196115406,0.006540623403168114
5,MAP2K3,226,52,174,0.021308693192532528,0.023096576392437403
5,MAP2K6,249,79,170,0.023477277013011503,0.025447112927950946
5,MAP4K3,30,30,0,0.002828587591929097,0.0030659172202350538
5,MAP4K5,39,39,0,0.0036771638695078258,0.00398569238630557
5,MAP7D1,137,78,59,0.012917216669809542,0.014001021972406744
5,MAPK1,417,89,328,0.039317367527814444,0.04261624936126725
5,MEIS1,106,78,28,0.009994342824816142,0.01083290751149719
5,MIDN,33,33,0,0.0031114463511220064,0.003372508942258559
5,NCL,23,23,0,0.0021685838204789742,0.002350536535513541
5,NIT1,27,27,0,0.002545728832736187,0.0027593254982115484
5,OSR2,256,92,164,0.024137280784461625,0.026162493612672456
5,PLK4,20,13,7,0.0018857250612860645,0.002043944813490036
5,POU3F2,108,41,67,0.010182915330944748,0.011037301992846194
5,PRDM1,49,31,18,0.004620026400150858,0.005007664793050587
5,PRTG,208,69,139,0.01961154063737507,0.02125702606029637
5,PTPN1,30,30,0,0.002828587591929097,0.0030659172202350538
5,PTPN12,423,41,382,0.039883085046200265,0.04322943280531426
5,PTPN13,26,26,0,0.0024514425796718837,0.0026571282575370463
5,PTPN9,152,48,104,0.01433151046577409,0.015533980582524271
5,RHOXF2BB,89,36,53,0.008391476522722987,0.009095554420030658
5,RREB1,30,30,0,0.002828587591929097,0.0030659172202350538
5,RUNX1T1,193,67,126,0.01819724684141052,0.019724067450178843
5,S1PR2,81,43,38,0.007637186498208561,0.008277976494634645
5,SAMD1,144,46,98,0.013577220441259665,0.014716402657128258
5,SET,302,94,208,0.028474448425419574,0.03086356668369954
5,SGK1,151,56,95,0.014237224212709787,0.01543178334184977
5,SLC38A2,54,28,26,0.005091457665472374,0.005518650996423097
5,SLC4A1,91,91,0,0.008580049028851594,0.009299948901379662
5,SLC6A9,33,33,0,0.0031114463511220064,0.003372508942258559
5,SNAI1,138,44,94,0.013011502922873844,0.014103219213081247
5,SPI1,93,41,52,0.0087686215349802,0.009504343382728667
5,STIL,34,27,7,0.0032057326041863097,0.0034747061829330608
5,TBX2,203,60,143,0.019140109372053554,0.020746039856923863
5,TBX3,208,66,142,0.01961154063737507,0.02125702606029637
5,TGFBR2,312,71,241,0.029417310956062606,0.03188553909044456
5,TMSB4X,90,57,33,0.00848576277578729,0.009197751660705161
5,TP73,20,20,0,0.0018857250612860645,0.002043944813490036
5,TSC22D1,44,44,0,0.004148595134829342,0.0044966785896780785
5,UBASH3A,171,81,90,0.01612294927399585,0.017475728155339806
5,UBASH3B,515,113,402,0.04855742032811616,0.05263157894736842
5,ZBTB1,137,81,56,0.012917216669809542,0.014001021972406744
5,ZBTB10,80,18,62,0.007542900245144258,0.008175779253960144
5,ZBTB25,141,60,81,0.013294361682066755,0.014409810935104753
5,ZC3HAV1,165,47,118,0.015557231755610032,0.016862544711292796
5,ZNF318,72,56,16,0.006788610220629833,0.007358201328564129
6,AHR,144,48,96,0.01291248206599713,0.014150943396226415
6,ARID1A,14,14,0,0.001255380200860832,0.0013757861635220125
6,ARRDC3,44,44,0,0.003945480631276901,0.004323899371069182
6,ATL1,39,39,0,0.0034971305595408895,0.0038325471698113208
6,BAK1,221,138,83,0.019817073170731708,0.021717767295597483
6,BCL2L11,122,53,69,0.01093974175035868,0.011988993710691825
6,BCORL1,54,54,0,0.004842180774748924,0.005306603773584905
6,BPGM,99,44,55,0.008877331420373027,0.00972877358490566
6,C19orf26,122,94,28,0.01093974175035868,0.011988993710691825
6,C3orf72,24,20,4,0.002152080344332855,0.0023584905660377358
6,CBFA2T3,132,73,59,0.011836441893830704,0.012971698113207548
6,CBL,243,71,172,0.021789813486370158,0.023879716981132077
6,CDKN1A,61,39,22,0.00546987087517934,0.005994496855345912
6,CDKN1B,64,46,18,0.005738880918220947,0.006289308176100629
6,CDKN1C,41,27,14,0.003676470588235294,0.004029088050314465
6,CEBPA,171,70,101,0.015333572453371592,0.016804245283018868
6,CEBPB,240,53,187,0.021520803443328552,0.02358490566037736
6,CEBPE,564,128,436,0.050573888091822096,0.055424528301886794
6,CELF2,47,47,0,0.004214490674318508,0.004618710691823899
6,CITED1,20,20,0,0.001793400286944046,0.0019654088050314465
6,CKS1B,19,19,0,0.0017037302725968436,0.0018671383647798742
6,CLDN6,95,70,25,0.008518651362984218,0.00933569182389937
6,CNN1,346,72,274,0.031025824964131993,0.034001572327044025
6,CNNM4,46,46,0,0.004124820659971305,0.004520440251572327
6,COL1A1,24,24,0,0.002152080344332855,0.0023584905660377358
6,COL2A1,89,60,29,0.007980631276901004,0.008746069182389937
6,CSRNP1,39,39,0,0.0034971305595408895,0.0038325471698113208
6,DLX2,89,72,17,0.007980631276901004,0.008746069182389937
6,DUSP9,296,65,231,0.02654232424677188,0.02908805031446541
6,EGR1,35,35,0,0.0031384505021520804,0.0034394654088050316
6,ELMSAN1,296,92,204,0.02654232424677188,0.02908805031446541
6,ETS2,581,111,470,0.052098278335724536,0.05709512578616352
6,FEV,189,67,122,0.016947632711621235,0.01857311320754717
6,FOSB,242,54,188,0.021700143472022957,0.023781446540880505
6,FOXA1,238,90,148,0.021341463414634148,0.023388364779874212
6,FOXA3,146,54,92,0.013091822094691535,0.01434748427672956
6,FOXF1,184,86,98,0.01649928263988522,0.018081761006289308
6,FOXL2,226,69,157,0.020265423242467717,0.022209119496855344
6,FOXO4,23,23,0,0.0020624103299856527,0.0022602201257861635
6,GLB1L2,39,39,0,0.0034971305595408895,0.0038325471698113208
6,HES7,9,9,0,0.0008070301291248207,0.000884433962264151
6,HK2,29,29,0,0.0026004304160688664,0.0028498427672955973
6,HNF4A,29,29,0,0.0026004304160688664,0.0028498427672955973
6,HOXA13,18,18,0,0.0016140602582496414,0.001768867924528302
6,HOXB9,177,73,104,0.015871592539454808,0.0173938679245283
6,HOXC13,113,47,66,0.010132711621233859,0.011104559748427672
6,IER5L,116,43,73,0.010401721664275465,0.01139937106918239
6,IGDCC3,266,67,199,0.02385222381635581,0.02613993710691824
6,IKZF3,219,74,145,0.019637733142037303,0.02152122641509434
6,IRF1,93,53,40,0.008339311334289813,0.009139150943396226
6,ISL2,101,71,30,0.009056671449067431,0.009925314465408805
6,JUN,41,26,15,0.003676470588235294,0.004029088050314465
6,KIAA1804,31,31,0,0.0027797704447632713,0.0030463836477987423
6,KIF18B,30,20,10,0.002690100430416069,0.00294811320754717
6,KIF2C,77,67,10,0.006904591104734577,0.007566823899371069
6,KLF1,623,201,422,0.05586441893830703,0.06122248427672956
6,KMT2A,26,26,0,0.0023314203730272595,0.0025550314465408804
6,LHX1,117,34,83,0.01049139167862267,0.011497641509433961
6,LYL1,147,52,95,0.013181492109038738,0.014445754716981132
6,MAML2,60,60,0,0.005380200860832138,0.00589622641509434
6,MAP2K3,214,48,166,0.01918938307030129,0.021029874213836477
6,MAP2K6,276,83,193,0.024748923959827834,0.027122641509433963
6,MAP4K3,25,25,0,0.0022417503586800573,0.002456761006289308
6,MAP4K5,26,26,0,0.0023314203730272595,0.0025550314465408804
6,MAP7D1,147,89,58,0.013181492109038738,0.014445754716981132
6,MAPK1,448,76,372,0.040172166427546625,0.0440251572327044
6,MEIS1,104,82,22,0.009325681492109038,0.010220125786163521
6,MIDN,23,23,0,0.0020624103299856527,0.0022602201257861635
6,NCL,23,23,0,0.0020624103299856527,0.0022602201257861635
6,NIT1,23,23,0,0.0020624103299856527,0.0022602201257861635
6,OSR2,312,110,202,0.027977044476327116,0.030660377358490566
6,PLK4,20,13,7,0.001793400286944046,0.0019654088050314465
6,POU3F2,94,43,51,0.008428981348637015,0.009237421383647798
6,PRDM1,51,40,11,0.004573170731707317,0.0050117924528301884
6,PRTG,227,60,167,0.02035509325681492,0.022307389937106917
6,PTPN1,40,40,0,0.003586800573888092,0.003930817610062893
6,PTPN12,450,50,400,0.04035150645624103,0.044221698113207544
6,PTPN13,30,30,0,0.002690100430416069,0.00294811320754717
6,PTPN9,136,43,93,0.012195121951219513,0.013364779874213837
6,RHOXF2BB,83,28,55,0.00744261119081779,0.008156446540880503
6,RREB1,27,27,0,0.002421090387374462,0.0026533018867924527
6,RUNX1T1,177,72,105,0.015871592539454808,0.0173938679245283
6,S1PR2,89,53,36,0.007980631276901004,0.008746069182389937
6,SAMD1,175,55,120,0.015692252510760403,0.017197327044025157
6,SET,283,88,195,0.02537661406025825,0.02781053459119497
6,SGK1,145,44,101,0.013002152080344333,0.014249213836477988
6,SLC38A2,59,24,35,0.005290530846484936,0.005797955974842767
6,SLC4A1,107,107,0,0.009594691535150645,0.010514937106918238
6,SLC6A9,63,63,0,0.005649210903873745,0.006191037735849057
6,SNAI1,142,52,90,0.012733142037302726,0.01395440251572327
6,SPI1,116,66,50,0.010401721664275465,0.01139937106918239
6,STIL,32,25,7,0.0028694404591104736,0.0031446540880503146
6,TBX2,234,69,165,0.02098278335724534,0.022995283018867923
6,TBX3,232,60,172,0.02080344332855093,0.02279874213836478
6,TGFBR2,375,61,314,0.03362625538020086,0.036851415094339625
6,TMSB4X,77,51,26,0.006904591104734577,0.007566823899371069
6,TP73,25,25,0,0.0022417503586800573,0.002456761006289308
6,TSC22D1,56,56,0,0.005021520803443328,0.00550314465408805
6,UBASH3A,184,92,92,0.01649928263988522,0.018081761006289308
6,UBASH3B,521,122,399,0.04671807747489239,0.05119889937106918
6,ZBTB1,129,85,44,0.011567431850789097,0.01267688679245283
6,ZBTB10,86,22,64,0.007711621233859397,0.00845125786163522
6,ZBTB25,177,80,97,0.015871592539454808,0.0173938679245283
6,ZC3HAV1,178,54,124,0.015961262553802008,0.017492138364779874
6,ZNF318,80,54,26,0.007173601147776184,0.007861635220125786
7,AHR,152,60,92,0.013028199194308735,0.014161930494735861
7,ARID1A,23,23,0,0.0019713722465072425,0.0021429236932824
7,ARRDC3,52,52,0,0.004457015513842462,0.0048448709587254266
7,ATL1,46,46,0,0.003942744493014485,0.0042858473865648
7,BAK1,256,170,86,0.021942230221993656,0.023851672412186713
7,BCL2L11,126,57,69,0.010799691437387503,0.011739495015373148
7,BCORL1,53,53,0,0.004542727350647124,0.004938041554085531
7,BPGM,116,45,71,0.009942573069340876,0.010807789061772105
7,C19orf26,133,100,33,0.011399674295020142,0.012391689182893878
7,C3orf72,37,32,5,0.0031713379617725208,0.003447312028323861
7,CBFA2T3,124,74,50,0.010628267763778178,0.01155315382465294
7,CBL,219,56,163,0.018770892260221137,0.020404360383862855
7,CDKN1A,62,36,26,0.005314133881889089,0.00577657691232647
7,CDKN1B,95,70,25,0.008142624496442959,0.008851206559209913
7,CDKN1C,46,31,15,0.003942744493014485,0.0042858473865648
7,CEBPA,188,89,99,0.016113825319276593,0.01751607192769962
7,CEBPB,193,55,138,0.016542384503299905,0.01798192490450014
7,CEBPE,645,155,490,0.05528413473900746,0.0600950340072673
7,CELF2,49,49,0,0.004199880003428473,0.004565359172645113
7,CITED1,24,24,0,0.0020570840833119054,0.0022360942886425045
7,CKS1B,23,23,0,0.0019713722465072425,0.0021429236932824
7,CLDN6,104,75,29,0.008914031027684923,0.009689741917450853
7,CNN1,326,86,240,0.027942058798320048,0.03037361408739402
7,CNNM4,45,45,0,0.0038570326562098224,0.004192676791204696
7,COL1A1,34,34,0,0.0029142024513585324,0.003167800242243548
7,COL2A1,89,58,31,0.007628353475614982,0.008292182987049286
7,CSRNP1,51,51,0,0.004371303677037799,0.0047517003633653215
7,DLX2,105,83,22,0.008999742864489586,0.009782912512810956
7,DUSP9,331,83,248,0.02837061798234336,0.03083946706419454
7,EGR1,32,32,0,0.002742778777749207,0.002981459051523339
7,ELMSAN1,303,106,197,0.025970686551812807,0.028230690394111618
7,ETS2,642,147,495,0.05502699922859347,0.059815522221186995
7,FEV,209,86,123,0.01791377389217451,0.019472654430261808
7,FOSB,252,68,184,0.021599382874775006,0.023478990030746296
7,FOXA1,264,96,168,0.02262792491643096,0.02459703717506755
7,FOXA3,127,38,89,0.010885403274192166,0.011832665610733253
7,FOXF1,182,98,84,0.015599554298448616,0.016957048355538993
7,FOXL2,210,63,147,0.01799948572897917,0.019565825025621913
7,FOXO4,26,26,0,0.002228507756921231,0.0024224354793627133
7,GLB1L2,56,56,0,0.004799862861061112,0.005217553340165844
7,HES7,15,15,0,0.0012856775520699408,0.0013975589304015652
7,HK2,36,36,0,0.0030856261249678583,0.0033541414329637566
7,HNF4A,22,22,0,0.00188566040970258,0.002049753097922296
7,HOXA13,30,30,0,0.0025713551041398816,0.0027951178608031303
7,HOXB9,164,75,89,0.014056741235964686,0.015279977639057113
7,HOXC13,103,33,70,0.00882831919088026,0.009596571322090748
7,IER5L,92,36,56,0.00788548898602897,0.0085716947731296
7,IGDCC3,215,49,166,0.018428044913002487,0.020031678002422434
7,IKZF3,258,75,183,0.02211365389560298,0.024038013602906923
7,IRF1,83,40,43,0.007114082454787006,0.0077331594148886615
7,ISL2,99,61,38,0.008485471843661609,0.009223888940650331
7,JUN,53,30,23,0.004542727350647124,0.004938041554085531
7,KIAA1804,28,28,0,0.002399931430530556,0.002608776670082922
7,KIF18B,43,31,12,0.003685608982600497,0.004006335600484487
7,KIF2C,67,55,12,0.005742693065912402,0.0062424298891269915
7,KLF1,676,195,481,0.057941201679952,0.06298332246343054
7,KMT2A,21,21,0,0.0017999485728979173,0.001956582502562191
7,LHX1,96,33,63,0.008228336333247621,0.008944377154570018
7,LYL1,111,34,77,0.009514013885317562,0.010341936084971583
7,MAML2,59,59,0,0.005056998371475101,0.0054970651262461565
7,MAP2K3,229,48,181,0.019628010628267765,0.021336066337463898
7,MAP2K6,276,78,198,0.023656466958086913,0.0257150843193888
7,MAP4K3,35,35,0,0.0029999142881631954,0.0032609708376036524
7,MAP4K5,45,45,0,0.0038570326562098224,0.004192676791204696
7,MAP7D1,139,72,67,0.011913945315848119,0.012950712755054505
7,MAPK1,414,89,325,0.03548470043713037,0.0385726264790832
7,MEIS1,115,92,23,0.009856861232536214,0.010714618466412
7,MIDN,30,30,0,0.0025713551041398816,0.0027951178608031303
7,NCL,22,22,0,0.00188566040970258,0.002049753097922296
7,NIT1,18,18,0,0.0015428130624839291,0.0016770707164818783
7,OSR2,313,135,178,0.026827804919859432,0.02916239634771266
7,PLK4,20,15,5,0.0017142367360932546,0.001863411907202087
7,POU3F2,101,47,54,0.008656895517270936,0.00941023013137054
7,PRDM1,41,34,7,0.0035141853089911716,0.0038199944097642782
7,PRTG,206,76,130,0.01765663838176052,0.019193142644181496
7,PTPN1,46,46,0,0.003942744493014485,0.0042858473865648
7,PTPN12,448,51,397,0.0383989028884889,0.04174042672132675
7,PTPN13,29,29,0,0.002485643267335219,0.002701947265443026
7,PTPN9,149,42,107,0.012771063683894746,0.013882418708655548
7,RHOXF2BB,104,52,52,0.008914031027684923,0.009689741917450853
7,RREB1,48,48,0,0.004114168166623811,0.004472188577285009
7,RUNX1T1,210,71,139,0.01799948572897917,0.019565825025621913
7,S1PR2,100,61,39,0.008571183680466273,0.009317059536010435
7,SAMD1,189,58,131,0.016199537156081256,0.01760924252305972
7,SET,312,108,204,0.02674209308305477,0.029069225752352556
7,SGK1,185,72,113,0.015856689808862606,0.017236560141619305
7,SLC38A2,69,27,42,0.005914116739521728,0.0064287710798472
7,SLC4A1,117,117,0,0.010028284906145539,0.01090095965713221
7,SLC6A9,64,64,0,0.005485557555498414,0.005962918103046678
7,SNAI1,153,49,104,0.013113911031113397,0.014255101090095966
7,SPI1,132,82,50,0.01131396245821548,0.012298518587533775
7,STIL,49,44,5,0.004199880003428473,0.004565359172645113
7,TBX2,247,69,178,0.021170823690751694,0.023013137053945774
7,TBX3,243,77,166,0.02082797634353304,0.022640454672505358
7,TGFBR2,330,74,256,0.028284906145538698,0.030746296468834436
7,TMSB4X,104,73,31,0.008914031027684923,0.009689741917450853
7,TP73,25,25,0,0.0021427959201165683,0.0023292648840026087
7,TSC22D1,48,48,0,0.004114168166623811,0.004472188577285009
7,UBASH3A,206,78,128,0.01765663838176052,0.019193142644181496
7,UBASH3B,532,102,430,0.04559869718008057,0.04956675673157551
7,ZBTB1,138,79,59,0.011828233479043456,0.0128575421596944
7,ZBTB10,93,21,72,0.007971200822833634,0.008664865368489705
7,ZBTB25,181,82,99,0.015513842461643954,0.016863877760178888
7,ZC3HAV1,176,56,120,0.01508528327762064,0.016398024783378366
7,ZNF318,106,78,28,0.009085454701294248,0.009876083108171061
8,AHR,159,79,80,0.01354690295646247,0.014738598442714126
8,ARID1A,21,21,0,0.001789213598023345,0.001946607341490545
8,ARRDC3,51,51,0,0.00434523302377098,0.004727474972191324
8,ATL1,39,39,0,0.0033228252534719263,0.003615127919911012
8,BAK1,247,146,101,0.021044559938655533,0.02289581015943641
8,BCL2L11,135,65,70,0.011502087415864361,0.012513904338153505
8,BCORL1,67,67,0,0.00570844338416972,0.006210604375231739
8,BPGM,112,54,58,0.009542472522791173,0.010381905821282907
8,C19orf26,137,93,44,0.011672488710914202,0.012699295513533555
8,C3orf72,28,22,6,0.0023856181306977932,0.0025954764553207266
8,CBFA2T3,127,73,54,0.01082048223566499,0.011772339636633296
8,CBL,236,72,164,0.0201073528158814,0.021876158694846125
8,CDKN1A,63,35,28,0.005367640794070035,0.005839822024471635
8,CDKN1B,89,56,33,0.007582857629717986,0.00824990730441231
8,CDKN1C,48,23,25,0.004089631081196217,0.004449388209121246
8,CEBPA,182,73,109,0.015506517849535656,0.016870596959584722
8,CEBPB,229,60,169,0.01951094828320695,0.021227289581015944
8,CEBPE,633,136,497,0.053932009883275116,0.05867630700778643
8,CELF2,49,49,0,0.0041748317287211385,0.004542083796811272
8,CITED1,27,27,0,0.0023004174831728723,0.002502780867630701
8,CKS1B,22,22,0,0.0018744142455482662,0.002039302929180571
8,CLDN6,90,62,28,0.007668058277242907,0.008342602892102336
8,CNN1,348,84,264,0.029649825338672574,0.03225806451612903
8,CNNM4,35,35,0,0.0029820226633722417,0.0032443455691509083
8,COL1A1,30,30,0,0.0025560194257476356,0.0027808676307007787
8,COL2A1,94,60,34,0.008008860867342591,0.008713385242862439
8,CSRNP1,45,45,0,0.0038340291386214534,0.004171301446051168
8,DLX2,84,59,25,0.00715685439209338,0.00778642936596218
8,DUSP9,318,84,234,0.02709380591292494,0.029477196885428252
8,EGR1,34,34,0,0.0028968220158473203,0.0031516499814608825
8,ELMSAN1,297,106,191,0.02530459231490159,0.02753058954393771
8,ETS2,625,139,486,0.053250404703075745,0.057934742306266225
8,FEV,217,94,123,0.018488540512907898,0.020114942528735632
8,FOSB,253,72,181,0.02155576382380506,0.023451983685576567
8,FOXA1,255,108,147,0.021726165118854904,0.023637374860956618
8,FOXA3,145,58,87,0.012354093891113572,0.013440860215053764
8,FOXF1,186,87,99,0.01584732043963534,0.017241379310344827
8,FOXL2,237,77,160,0.020192553463406322,0.02196885428253615
8,FOXO4,26,26,0,0.002215216835647951,0.002410085279940675
8,GLB1L2,50,50,0,0.00426003237624606,0.0046347793845012975
8,HES7,13,13,0,0.0011076084178239754,0.0012050426399703375
8,HK2,25,25,0,0.00213001618812303,0.0023173896922506487
8,HNF4A,22,22,0,0.0018744142455482662,0.002039302929180571
8,HOXA13,35,35,0,0.0029820226633722417,0.0032443455691509083
8,HOXB9,157,65,92,0.013376501661412627,0.014553207267334075
8,HOXC13,128,53,75,0.010905682883189912,0.011865035224323322
8,IER5L,108,42,66,0.00920166993269149,0.010011123470522803
8,IGDCC3,252,79,173,0.02147056317628014,0.02335928809788654
8,IKZF3,254,71,183,0.02164096447132998,0.023544679273266592
8,IRF1,92,45,47,0.007838459572292749,0.008527994067482388
8,ISL2,89,57,32,0.007582857629717986,0.00824990730441231
8,JUN,41,26,15,0.0034932265485217687,0.003800519095291064
8,KIAA1804,24,24,0,0.0020448155405981086,0.002224694104560623
8,KIF18B,36,21,15,0.0030672233108971626,0.0033370411568409346
8,KIF2C,84,69,15,0.00715685439209338,0.00778642936596218
8,KLF1,631,191,440,0.05376160858822527,0.05849091583240638
8,KMT2A,18,18,0,0.0015336116554485813,0.0016685205784204673
8,LHX1,117,51,66,0.00996847576041578,0.010845383759733037
8,LYL1,127,41,86,0.01082048223566499,0.011772339636633296
8,MAML2,61,61,0,0.0051972394990201926,0.005654430849091583
8,MAP2K3,263,62,201,0.02240777029905427,0.024378939562476828
8,MAP2K6,305,118,187,0.025986197495100963,0.028272154245457915
8,MAP4K3,42,42,0,0.00357842719604669,0.00389321468298109
8,MAP4K5,31,31,0,0.002641220073272557,0.0028735632183908046
8,MAP7D1,150,80,70,0.012780097128738179,0.013904338153503892
8,MAPK1,421,72,349,0.03586947260799182,0.03902484241750093
8,MEIS1,102,80,22,0.00869046604754196,0.009454949944382647
8,MIDN,49,49,0,0.0041748317287211385,0.004542083796811272
8,NCL,23,23,0,0.001959614893073187,0.002131998516870597
8,NIT1,18,18,0,0.0015336116554485813,0.0016685205784204673
8,OSR2,311,104,207,0.02649740138025049,0.02882832777159807
8,PLK4,17,9,8,0.0014484110079236601,0.0015758249907304412
8,POU3F2,97,38,59,0.008264462809917356,0.008991472005932517
8,PRDM1,52,37,15,0.004430433671295902,0.00482017055988135
8,PRTG,290,91,199,0.024708187782227144,0.026881720430107527
8,PTPN1,52,52,0,0.004430433671295902,0.00482017055988135
8,PTPN12,462,48,414,0.03936269915651359,0.04282536151279199
8,PTPN13,19,19,0,0.0016188123029735027,0.0017612161661104931
8,PTPN9,141,48,93,0.012013291301013888,0.01307007786429366
8,RHOXF2BB,99,28,71,0.008434864104967198,0.00917686318131257
8,RREB1,35,35,0,0.0029820226633722417,0.0032443455691509083
8,RUNX1T1,208,73,135,0.017721734685183607,0.0192806822395254
8,S1PR2,98,63,35,0.008349663457442277,0.009084167593622544
8,SAMD1,189,56,133,0.016102922382210106,0.017519466073414907
8,SET,328,107,221,0.02794581238817415,0.030404152762328513
8,SGK1,155,56,99,0.013206100366362784,0.014367816091954023
8,SLC38A2,86,45,41,0.007327255687143222,0.007971820541342232
8,SLC4A1,102,102,0,0.00869046604754196,0.009454949944382647
8,SLC6A9,49,49,0,0.0041748317287211385,0.004542083796811272
8,SNAI1,156,46,110,0.013291301013887705,0.014460511679644048
8,SPI1,132,78,54,0.011246485473289597,0.012235817575083427
8,STIL,47,39,8,0.004004430433671296,0.0043566926214312195
8,TBX2,224,72,152,0.019084945045582346,0.020763811642565813
8,TBX3,214,70,144,0.018232938570333136,0.019836855765665556
8,TGFBR2,366,57,309,0.031183436994121155,0.0339265850945495
8,TMSB4X,108,70,38,0.00920166993269149,0.010011123470522803
8,TP73,31,31,0,0.002641220073272557,0.0028735632183908046
8,TSC22D1,52,52,0,0.004430433671295902,0.00482017055988135
8,UBASH3A,191,76,115,0.01627332367725995,0.017704857248794958
8,UBASH3B,551,122,429,0.04694555678623157,0.051075268817204304
8,ZBTB1,132,76,56,0.011246485473289597,0.012235817575083427
8,ZBTB10,88,16,72,0.007497656982193065,0.008157211716722283
8,ZBTB25,177,83,94,0.015080514611911051,0.016407119021134595
8,ZC3HAV1,192,53,139,0.01635852432478487,0.017797552836484983
8,ZNF318,102,77,25,0.00869046604754196,0.009454949944382647
