target_gene,gene_id,gene_index,effect,conditional_cell_sampling_se,ci95_low,ci95_high,positive_lane_fraction,same_sign_lane_fraction,sign,minimum_lane_n,se_undefined_lane_n_lt_2,significance,interpretation
AHR,ENSG00000106546,1869,0.30885528019857367,0.022264781982480344,0.2652163075129122,0.35249425288423514,1.0,1.0,positive,48,False,not_estimable_independent_bioreplicates_absent,normalized_own_target_effect_not_molecular_validation
ARID1A,ENSG00000117713,98,0.1283049302192824,0.044110194137582354,0.041848949709621,0.21476091072894382,0.875,0.875,positive,14,False,not_estimable_independent_bioreplicates_absent,normalized_own_target_effect_not_molecular_validation
ARRDC3,ENSG00000113369,1437,0.11113905752002903,0.015389627631104056,0.08097538736306509,0.14130272767699298,1.0,1.0,positive,44,False,not_estimable_independent_bioreplicates_absent,normalized_own_target_effect_not_molecular_validation
ATL1,ENSG00000198513,3494,0.013688987219228389,0.006060874628033358,0.0018096729482830077,0.02556830149017377,0.625,0.625,positive,26,False,not_estimable_independent_bioreplicates_absent,normalized_own_target_effect_not_molecular_validation
BAK1,ENSG00000030110,1690,0.6209908468389449,0.016410392684014848,0.5888264771782759,0.6531552164996139,1.0,1.0,positive,136,False,not_estimable_independent_bioreplicates_absent,normalized_own_target_effect_not_molecular_validation
BCL2L11,ENSG00000153094,699,0.48334465935902915,0.0261431729685458,0.4321040403406794,0.5345852783773789,1.0,1.0,positive,50,False,not_estimable_independent_bioreplicates_absent,normalized_own_target_effect_not_molecular_validation
BCORL1,ENSG00000085185,2192,0.32039098197754945,0.02202755635719614,0.277216971517445,0.3635649924376539,1.0,1.0,positive,51,False,not_estimable_independent_bioreplicates_absent,normalized_own_target_effect_not_molecular_validation
BPGM,ENSG00000172331,2023,0.6217124568556349,0.03046359081745889,0.5620038188534155,0.6814210948578543,1.0,1.0,positive,42,False,not_estimable_independent_bioreplicates_absent,normalized_own_target_effect_not_molecular_validation
C19orf26,ENSG00000099625,4512,0.37174316129570706,0.01718579712165714,0.33805899893725905,0.40542732365415507,1.0,1.0,positive,71,False,not_estimable_independent_bioreplicates_absent,normalized_own_target_effect_not_molecular_validation
C3orf72,ENSG00000206262,1047,0.007636764294032257,0.0071088768946062945,-0.00629663441939608,0.021570163007460594,0.25,0.25,positive,20,False,not_estimable_independent_bioreplicates_absent,normalized_own_target_effect_not_molecular_validation
CBFA2T3,ENSG00000129993,3973,0.21099490312211405,0.02232303421292675,0.16724175606477762,0.25474805017945046,1.0,1.0,positive,49,False,not_estimable_independent_bioreplicates_absent,normalized_own_target_effect_not_molecular_validation
CBL,ENSG00000110395,2842,0.2912651673122847,0.021848846027812042,0.2484414290977731,0.33408890552679626,1.0,1.0,positive,56,False,not_estimable_independent_bioreplicates_absent,normalized_own_target_effect_not_molecular_validation
CDKN1A,ENSG00000124762,1699,0.844863270335963,0.04583604454447627,0.7550246230287895,0.9347019176431365,1.0,1.0,positive,29,False,not_estimable_independent_bioreplicates_absent,normalized_own_target_effect_not_molecular_validation
CDKN1B,ENSG00000111276,3095,0.0250831571641267,0.01376385076980751,-0.00189399034469602,0.05206030467294942,0.75,0.75,positive,44,False,not_estimable_independent_bioreplicates_absent,normalized_own_target_effect_not_molecular_validation
CDKN1C,ENSG00000129757,2611,0.5961029728509364,0.06890092112349407,0.46105716744888803,0.7311487782529847,1.0,1.0,positive,15,False,not_estimable_independent_bioreplicates_absent,normalized_own_target_effect_not_molecular_validation
CEBPA,ENSG00000245848,4654,0.7266498332106213,0.03757673933546983,0.6529994241131004,0.8003002423081421,1.0,1.0,positive,64,False,not_estimable_independent_bioreplicates_absent,normalized_own_target_effect_not_molecular_validation
CEBPB,ENSG00000172216,4463,0.3073012510433235,0.02919173374755592,0.2500854528981139,0.3645170491885331,1.0,1.0,positive,40,False,not_estimable_independent_bioreplicates_absent,normalized_own_target_effect_not_molecular_validation
CEBPE,ENSG00000092067,3460,1.7731680129245462,0.027767104452508577,1.7187444881976293,1.827591537651463,1.0,1.0,positive,116,False,not_estimable_independent_bioreplicates_absent,normalized_own_target_effect_not_molecular_validation
CELF2,ENSG00000048740,2883,-0.026584582997138465,0.029769089473104166,-0.08493199836442263,0.0317628323701457,0.5,0.5,negative,35,False,not_estimable_independent_bioreplicates_absent,normalized_own_target_effect_not_molecular_validation
CITED1,ENSG00000125931,2150,0.5763860312660906,0.05518925327579734,0.4682150948455278,0.6845569676866533,1.0,1.0,positive,15,False,not_estimable_independent_bioreplicates_absent,normalized_own_target_effect_not_molecular_validation
CKS1B,ENSG00000173207,331,-0.1964374861182639,0.050051736494387114,-0.2945388896472626,-0.09833608258926516,0.125,0.875,negative,17,False,not_estimable_independent_bioreplicates_absent,normalized_own_target_effect_not_molecular_validation
CLDN6,ENSG00000184697,3783,1.438215826147187,0.035069641149383816,1.3694793294943945,1.5069523227999793,1.0,1.0,positive,59,False,not_estimable_independent_bioreplicates_absent,normalized_own_target_effect_not_molecular_validation
CNN1,ENSG00000130176,4579,1.1736441065923762,0.027740355565203982,1.1192730096845764,1.228015203500176,1.0,1.0,positive,67,False,not_estimable_independent_bioreplicates_absent,normalized_own_target_effect_not_molecular_validation
CNNM4,ENSG00000158158,676,0.08083729156576211,0.014008034851952159,0.05338154325593587,0.10829303987558835,1.0,1.0,positive,35,False,not_estimable_independent_bioreplicates_absent,normalized_own_target_effect_not_molecular_validation
COL1A1,ENSG00000108821,4202,2.0229953416817112,0.06486496256841061,1.8958600150476266,2.150130668315796,1.0,1.0,positive,24,False,not_estimable_independent_bioreplicates_absent,normalized_own_target_effect_not_molecular_validation
COL2A1,ENSG00000139219,3149,1.9742074167337045,0.03679393826771238,1.902091297728988,2.046323535738421,1.0,1.0,positive,48,False,not_estimable_independent_bioreplicates_absent,normalized_own_target_effect_not_molecular_validation
CSRNP1,ENSG00000144655,917,0.2559882925117664,0.021910849156290425,0.2130430281654372,0.29893355685809564,1.0,1.0,positive,31,False,not_estimable_independent_bioreplicates_absent,normalized_own_target_effect_not_molecular_validation
DLX2,ENSG00000115844,761,0.4313631599495758,0.0224452162659427,0.3873705360683281,0.4753557838308235,1.0,1.0,positive,59,False,not_estimable_independent_bioreplicates_absent,normalized_own_target_effect_not_molecular_validation
DUSP9,ENSG00000130829,2223,1.4606745432809456,0.027245961128879302,1.4072724594683421,1.514076627093549,1.0,1.0,positive,65,False,not_estimable_independent_bioreplicates_absent,normalized_own_target_effect_not_molecular_validation
EGR1,ENSG00000120738,1489,0.11682623874768315,0.025877560302753056,0.06610622055428717,0.16754625694107914,1.0,1.0,positive,28,False,not_estimable_independent_bioreplicates_absent,normalized_own_target_effect_not_molecular_validation
ELMSAN1,ENSG00000156030,3544,0.21096231192785178,0.014225797160425071,0.18307974949341865,0.2388448743622849,1.0,1.0,positive,84,False,not_estimable_independent_bioreplicates_absent,normalized_own_target_effect_not_molecular_validation
ETS2,ENSG00000157557,4994,0.44555820974133126,0.016693882238940982,0.4128382005530069,0.4782782189296556,1.0,1.0,positive,111,False,not_estimable_independent_bioreplicates_absent,normalized_own_target_effect_not_molecular_validation
FEV,ENSG00000163497,838,1.669497221703063,0.02851622793559883,1.6136054149492893,1.7253890284568367,1.0,1.0,positive,64,False,not_estimable_independent_bioreplicates_absent,normalized_own_target_effect_not_molecular_validation
FOSB,ENSG00000125740,4735,0.05780040906472546,0.010263566281635,0.03768381915272086,0.07791699897673006,1.0,1.0,positive,52,False,not_estimable_independent_bioreplicates_absent,normalized_own_target_effect_not_molecular_validation
FOXA1,ENSG00000129514,3485,0.17903472605716575,0.013162303816148507,0.15323661057751467,0.20483284153681683,1.0,1.0,positive,69,False,not_estimable_independent_bioreplicates_absent,normalized_own_target_effect_not_molecular_validation
FOXA3,ENSG00000170608,4738,0.3418301637030201,0.026042141315812048,0.2907875667240285,0.3928727606820117,1.0,1.0,positive,38,False,not_estimable_independent_bioreplicates_absent,normalized_own_target_effect_not_molecular_validation
FOXF1,ENSG00000103241,3965,0.09236948682111358,0.009246826303961092,0.07424570726534985,0.11049326637687731,1.0,1.0,positive,71,False,not_estimable_independent_bioreplicates_absent,normalized_own_target_effect_not_molecular_validation
FOXL2,ENSG00000183770,1046,0.5863708454029611,0.027123488283693473,0.533208808366922,0.6395328824390003,1.0,1.0,positive,59,False,not_estimable_independent_bioreplicates_absent,normalized_own_target_effect_not_molecular_validation
FOXO4,ENSG00000184481,2144,0.5012329118509558,0.03989502379170261,0.4230386652192186,0.5794271584826929,1.0,1.0,positive,13,False,not_estimable_independent_bioreplicates_absent,normalized_own_target_effect_not_molecular_validation
GLB1L2,ENSG00000149328,2869,0.23175730690114793,0.02032133480518519,0.19192749068298495,0.2715871231193109,1.0,1.0,positive,36,False,not_estimable_independent_bioreplicates_absent,normalized_own_target_effect_not_molecular_validation
HES7,ENSG00000179111,4035,2.0670937201570276,0.12976588812648665,1.8127525794291137,2.3214348608849416,1.0,1.0,positive,9,False,not_estimable_independent_bioreplicates_absent,normalized_own_target_effect_not_molecular_validation
HK2,ENSG00000159399,658,0.6881206565916307,0.038978807718233296,0.6117221934638934,0.7645191197193679,1.0,1.0,positive,25,False,not_estimable_independent_bioreplicates_absent,normalized_own_target_effect_not_molecular_validation
HNF4A,ENSG00000101076,4445,0.3814612240380744,0.03802335932073018,0.30693543976944326,0.4559870083067056,1.0,1.0,positive,20,False,not_estimable_independent_bioreplicates_absent,normalized_own_target_effect_not_molecular_validation
HOXA13,ENSG00000106031,1880,0.36511006086514636,0.03925677048546428,0.2881667907136364,0.44205333101665634,1.0,1.0,positive,17,False,not_estimable_independent_bioreplicates_absent,normalized_own_target_effect_not_molecular_validation
HOXB9,ENSG00000170689,4186,0.9204520336922946,0.026270608807455083,0.8689616404296826,0.9719424269549065,1.0,1.0,positive,65,False,not_estimable_independent_bioreplicates_absent,normalized_own_target_effect_not_molecular_validation
HOXC13,ENSG00000123364,3198,0.44094595100653705,0.035837801192832155,0.370703860668586,0.511188041344488,1.0,1.0,positive,26,False,not_estimable_independent_bioreplicates_absent,normalized_own_target_effect_not_molecular_validation
IER5L,ENSG00000188483,2547,0.5538967555721288,0.03348454026602921,0.4882670566507116,0.619526454493546,1.0,1.0,positive,20,False,not_estimable_independent_bioreplicates_absent,normalized_own_target_effect_not_molecular_validation
IGDCC3,ENSG00000174498,3682,1.1408976096285195,0.02974736900038249,1.08259276638777,1.199202452869269,1.0,1.0,positive,49,False,not_estimable_independent_bioreplicates_absent,normalized_own_target_effect_not_molecular_validation
IKZF3,ENSG00000161405,4131,0.3321004043139932,0.023340311070304844,0.2863533946161957,0.37784741401179067,1.0,1.0,positive,63,False,not_estimable_independent_bioreplicates_absent,normalized_own_target_effect_not_molecular_validation
IRF1,ENSG00000125347,1477,0.6248027078769807,0.031884762059626294,0.5623085742401132,0.6872968415138482,1.0,1.0,positive,27,False,not_estimable_independent_bioreplicates_absent,normalized_own_target_effect_not_molecular_validation
ISL2,ENSG00000159556,3706,0.1524433612858619,0.01649236798305675,0.12011832003907066,0.18476840253265311,1.0,1.0,positive,45,False,not_estimable_independent_bioreplicates_absent,normalized_own_target_effect_not_molecular_validation
JUN,ENSG00000177606,188,0.7867531962700729,0.04782228915212298,0.6930215095319119,0.8804848830082339,1.0,1.0,positive,14,False,not_estimable_independent_bioreplicates_absent,normalized_own_target_effect_not_molecular_validation
KIAA1804,ENSG00000143674,526,0.19914349145276528,0.02441221849757445,0.15129554319751937,0.24699143970801118,1.0,1.0,positive,16,False,not_estimable_independent_bioreplicates_absent,normalized_own_target_effect_not_molecular_validation
KIF18B,ENSG00000186185,4165,0.29457922896419014,0.03314872452886603,0.22960772888761272,0.35955072904076757,1.0,1.0,positive,20,False,not_estimable_independent_bioreplicates_absent,normalized_own_target_effect_not_molecular_validation
KIF2C,ENSG00000142945,163,0.8698771754071836,0.032525155137328246,0.8061278713380202,0.9336264794763469,1.0,1.0,positive,55,False,not_estimable_independent_bioreplicates_absent,normalized_own_target_effect_not_molecular_validation
KLF1,ENSG00000105610,4588,0.923611477879467,0.015937901170947576,0.8923731915844098,0.9548497641745242,1.0,1.0,positive,187,False,not_estimable_independent_bioreplicates_absent,normalized_own_target_effect_not_molecular_validation
KMT2A,ENSG00000118058,2837,0.621208658435473,0.04373108483650932,0.5354957321559147,0.7069215847150313,1.0,1.0,positive,18,False,not_estimable_independent_bioreplicates_absent,normalized_own_target_effect_not_molecular_validation
LHX1,ENSG00000273706,4115,2.0622860500280615,0.039687528560047154,1.9844984940503692,2.140073606005754,1.0,1.0,positive,33,False,not_estimable_independent_bioreplicates_absent,normalized_own_target_effect_not_molecular_validation
LYL1,ENSG00000104903,4592,1.2642446804629786,0.03106178398914276,1.2033635838442587,1.3251257770816984,1.0,1.0,positive,34,False,not_estimable_independent_bioreplicates_absent,normalized_own_target_effect_not_molecular_validation
MAML2,ENSG00000184384,2806,0.17942314283029465,0.015117235004849244,0.14979336222079012,0.20905292343979917,1.0,1.0,positive,48,False,not_estimable_independent_bioreplicates_absent,normalized_own_target_effect_not_molecular_validation
MAP2K3,ENSG00000034152,4065,0.5151432706921286,0.023795312210829207,0.4685044587589034,0.5617820826253539,1.0,1.0,positive,48,False,not_estimable_independent_bioreplicates_absent,normalized_own_target_effect_not_molecular_validation
MAP2K6,ENSG00000108984,4259,0.06485886320959514,0.00739020499006123,0.05037406142907513,0.07934366499011515,1.0,1.0,positive,70,False,not_estimable_independent_bioreplicates_absent,normalized_own_target_effect_not_molecular_validation
MAP4K3,ENSG00000011566,601,0.095836001394495,0.020213053607758644,0.056218416323288056,0.13545358646570194,1.0,1.0,positive,25,False,not_estimable_independent_bioreplicates_absent,normalized_own_target_effect_not_molecular_validation
MAP4K5,ENSG00000012983,3493,0.061984286440916886,0.019816582634338276,0.023143784477613866,0.1008247884042199,0.875,0.875,positive,25,False,not_estimable_independent_bioreplicates_absent,normalized_own_target_effect_not_molecular_validation
MAP7D1,ENSG00000116871,130,1.0648255036545615,0.024020021268778717,1.0177462619677553,1.1119047453413677,1.0,1.0,positive,59,False,not_estimable_independent_bioreplicates_absent,normalized_own_target_effect_not_molecular_validation
MAPK1,ENSG00000100030,4851,0.5760298010441292,0.02214502511452567,0.5326255518196589,0.6194340502685994,1.0,1.0,positive,72,False,not_estimable_independent_bioreplicates_absent,normalized_own_target_effect_not_molecular_validation
MEIS1,ENSG00000143995,640,0.07590531532467698,0.010115793441961639,0.056078360178432166,0.0957322704709218,1.0,1.0,positive,75,False,not_estimable_independent_bioreplicates_absent,normalized_own_target_effect_not_molecular_validation
MIDN,ENSG00000167470,4514,0.5138374452093399,0.05079320765334863,0.41428275820877664,0.6133921322099033,1.0,1.0,positive,23,False,not_estimable_independent_bioreplicates_absent,normalized_own_target_effect_not_molecular_validation
NCL,ENSG00000115053,851,0.659882340107697,0.03456272610348209,0.592139396944872,0.7276252832705219,1.0,1.0,positive,18,False,not_estimable_independent_bioreplicates_absent,normalized_own_target_effect_not_molecular_validation
NIT1,ENSG00000158793,371,0.12475254211763226,0.03167953080444262,0.06266066174092472,0.1868444224943398,1.0,1.0,positive,15,False,not_estimable_independent_bioreplicates_absent,normalized_own_target_effect_not_molecular_validation
OSR2,ENSG00000164920,2355,0.6718188562569531,0.020269042537055363,0.6320915328843246,0.7115461796295817,1.0,1.0,positive,92,False,not_estimable_independent_bioreplicates_absent,normalized_own_target_effect_not_molecular_validation
PLK4,ENSG00000142731,1275,0.04045592422708103,0.03535972626166675,-0.028849139245785797,0.10976098769994785,0.5,0.5,positive,9,False,not_estimable_independent_bioreplicates_absent,normalized_own_target_effect_not_molecular_validation
POU3F2,ENSG00000184486,1774,0.7800950067098336,0.03554200071032993,0.7104326853175869,0.8497573281020803,1.0,1.0,positive,33,False,not_estimable_independent_bioreplicates_absent,normalized_own_target_effect_not_molecular_validation
PRDM1,ENSG00000057657,1779,0.3073017896080738,0.03110771079356075,0.24633067645269474,0.36827290276345287,1.0,1.0,positive,22,False,not_estimable_independent_bioreplicates_absent,normalized_own_target_effect_not_molecular_validation
PRTG,ENSG00000166450,3662,0.5313741443756135,0.022603261622383106,0.48707175159574256,0.5756765371554844,1.0,1.0,positive,49,False,not_estimable_independent_bioreplicates_absent,normalized_own_target_effect_not_molecular_validation
PTPN1,ENSG00000196396,4465,0.3105376090901856,0.03222266148226756,0.24738119258494118,0.37369402559542997,1.0,1.0,positive,30,False,not_estimable_independent_bioreplicates_absent,normalized_own_target_effect_not_molecular_validation
PTPN12,ENSG00000127947,1934,0.4708161906521082,0.030635315151360188,0.41077097295544224,0.5308614083487742,1.0,1.0,positive,37,False,not_estimable_independent_bioreplicates_absent,normalized_own_target_effect_not_molecular_validation
PTPN13,ENSG00000163629,1231,0.12030170487747602,0.01965108116653556,0.08178558579106632,0.15881782396388572,1.0,1.0,positive,19,False,not_estimable_independent_bioreplicates_absent,normalized_own_target_effect_not_molecular_validation
PTPN9,ENSG00000169410,3700,0.4362859488076503,0.027249350688140807,0.38287722145889436,0.48969467615640627,1.0,1.0,positive,40,False,not_estimable_independent_bioreplicates_absent,normalized_own_target_effect_not_molecular_validation
RHOXF2BB,ENSG00000203989,2183,0.0682786850078322,0.016433017651162715,0.03606997041155328,0.10048739960411113,1.0,1.0,positive,28,False,not_estimable_independent_bioreplicates_absent,normalized_own_target_effect_not_molecular_validation
RREB1,ENSG00000124782,1594,0.17343870313660006,0.03015462985055484,0.11433562862951258,0.23254177764368755,0.875,0.875,positive,27,False,not_estimable_independent_bioreplicates_absent,normalized_own_target_effect_not_molecular_validation
RUNX1T1,ENSG00000079102,2345,0.4334970463524403,0.018524678940361042,0.39718867562933263,0.46980541707554796,1.0,1.0,positive,67,False,not_estimable_independent_bioreplicates_absent,normalized_own_target_effect_not_molecular_validation
S1PR2,ENSG00000267534,4569,0.14583884374672917,0.016963864250166084,0.11258966981640364,0.1790880176770547,1.0,1.0,positive,43,False,not_estimable_independent_bioreplicates_absent,normalized_own_target_effect_not_molecular_validation
SAMD1,ENSG00000141858,4599,0.3072267517793238,0.03130079550774972,0.24587719258413435,0.36857631097451327,1.0,1.0,positive,46,False,not_estimable_independent_bioreplicates_absent,normalized_own_target_effect_not_molecular_validation
SET,ENSG00000119335,2544,0.5043928648470265,0.01537907344218775,0.4742498809003385,0.5345358487937145,1.0,1.0,positive,88,False,not_estimable_independent_bioreplicates_absent,normalized_own_target_effect_not_molecular_validation
SGK1,ENSG00000118515,1814,0.6367130434426927,0.02937795857450964,0.5791322446366538,0.6942938422487317,1.0,1.0,positive,44,False,not_estimable_independent_bioreplicates_absent,normalized_own_target_effect_not_molecular_validation
SLC38A2,ENSG00000134294,3142,0.3399986626200197,0.03363856866910872,0.2740670680285666,0.4059302572114728,1.0,1.0,positive,24,False,not_estimable_independent_bioreplicates_absent,normalized_own_target_effect_not_molecular_validation
SLC4A1,ENSG00000004939,4161,0.4309242256954563,0.02075374048430273,0.39024689434622295,0.47160155704468965,1.0,1.0,positive,91,False,not_estimable_independent_bioreplicates_absent,normalized_own_target_effect_not_molecular_validation
SLC6A9,ENSG00000196517,161,0.43293210474747806,0.02334449134320864,0.38717690171478913,0.478687307780167,1.0,1.0,positive,33,False,not_estimable_independent_bioreplicates_absent,normalized_own_target_effect_not_molecular_validation
SNAI1,ENSG00000124216,4461,0.13688590411734608,0.01889175676081484,0.09985806086614898,0.17391374736854318,1.0,1.0,positive,34,False,not_estimable_independent_bioreplicates_absent,normalized_own_target_effect_not_molecular_validation
SPI1,ENSG00000066336,2682,0.6626236711833303,0.03128552219938249,0.6013040476725406,0.72394329469412,1.0,1.0,positive,41,False,not_estimable_independent_bioreplicates_absent,normalized_own_target_effect_not_molecular_validation
STIL,ENSG00000123473,172,0.2000953818452195,0.028132002462631554,0.14495665701846167,0.2552341066719773,1.0,1.0,positive,25,False,not_estimable_independent_bioreplicates_absent,normalized_own_target_effect_not_molecular_validation
TBX2,ENSG00000121068,4229,0.4331327669789379,0.020417590765804645,0.39311428907796075,0.473151244879915,1.0,1.0,positive,60,False,not_estimable_independent_bioreplicates_absent,normalized_own_target_effect_not_molecular_validation
TBX3,ENSG00000135111,3302,0.2535681220137904,0.016959061271060418,0.220328361922512,0.28680788210506886,1.0,1.0,positive,56,False,not_estimable_independent_bioreplicates_absent,normalized_own_target_effect_not_molecular_validation
TGFBR2,ENSG00000163513,903,0.22323830106138196,0.016010696751061853,0.19185733542930072,0.2546192666934632,1.0,1.0,positive,57,False,not_estimable_independent_bioreplicates_absent,normalized_own_target_effect_not_molecular_validation
TMSB4X,ENSG00000205542,2084,2.110431505936135,0.025736851839841472,2.0599872763300455,2.1608757355422243,1.0,1.0,positive,45,False,not_estimable_independent_bioreplicates_absent,normalized_own_target_effect_not_molecular_validation
TP73,ENSG00000078900,24,0.17088684271025248,0.028915510784222036,0.11421244157317728,0.22756124384732768,1.0,1.0,positive,20,False,not_estimable_independent_bioreplicates_absent,normalized_own_target_effect_not_molecular_validation
TSC22D1,ENSG00000102804,3385,0.9523073322029697,0.030958435063327273,0.8916287994788482,1.012985864927091,1.0,1.0,positive,39,False,not_estimable_independent_bioreplicates_absent,normalized_own_target_effect_not_molecular_validation
UBASH3A,ENSG00000160185,5002,0.13710949044536447,0.012423304284939827,0.1127598140468824,0.16145916684384654,1.0,1.0,positive,76,False,not_estimable_independent_bioreplicates_absent,normalized_own_target_effect_not_molecular_validation
UBASH3B,ENSG00000154127,2848,0.4025143149739865,0.016113771628644386,0.37093132258184347,0.4340973073661295,1.0,1.0,positive,91,False,not_estimable_independent_bioreplicates_absent,normalized_own_target_effect_not_molecular_validation
ZBTB1,ENSG00000126804,3521,0.02195728599411493,0.008534853173792547,0.005228973773481537,0.03868559821474832,0.875,0.875,positive,64,False,not_estimable_independent_bioreplicates_absent,normalized_own_target_effect_not_molecular_validation
ZBTB10,ENSG00000205189,2331,0.19573661020813646,0.04239241136883561,0.11264748392521866,0.27882573649105424,1.0,1.0,positive,15,False,not_estimable_independent_bioreplicates_absent,normalized_own_target_effect_not_molecular_validation
ZBTB25,ENSG00000089775,3520,0.0017427449372797777,0.006154482274570224,-0.010320040320877862,0.013805530195437416,0.5,0.5,positive,60,False,not_estimable_independent_bioreplicates_absent,normalized_own_target_effect_not_molecular_validation
ZC3HAV1,ENSG00000105939,2028,0.7861260528311943,0.027934853729056103,0.7313737395222444,0.8408783661401442,1.0,1.0,positive,36,False,not_estimable_independent_bioreplicates_absent,normalized_own_target_effect_not_molecular_validation
ZNF318,ENSG00000171467,1718,0.212853812390287,0.01821917039167398,0.17714423842260602,0.24856338635796799,1.0,1.0,positive,54,False,not_estimable_independent_bioreplicates_absent,normalized_own_target_effect_not_molecular_validation
