canonical_perturbation,target_a,target_b,observed_rms,residual_rms,residual_over_response_rms,projection_coefficient,squared_norm_fraction,cosine_to_neg_shared_shift,orthogonal_residual_rms,role
AHR+KLF1,AHR,KLF1,0.0654481509225572,0.03460734318380862,0.5287749569083844,-0.974304581371467,0.5669846502772791,0.7529838313518284,0.022772982137734203,descriptive_alignment_not_confounding_proof
OSR2+UBASH3B,OSR2,UBASH3B,0.03335470260056187,0.033605532653069134,1.0075200806168494,-0.9280667639073432,0.5455759335855132,0.7386311214574656,0.022653819991355954,descriptive_alignment_not_confounding_proof
FOSB+IKZF3,FOSB,IKZF3,0.08452203149246387,0.04552617596135247,0.5386308771507895,-1.1834617996930923,0.4833975829350054,0.695267993607505,0.03272196603661181,descriptive_alignment_not_confounding_proof
C19orf26+TGFBR2,C19orf26,TGFBR2,0.05872425531223892,0.03196538895115798,0.5443302564025188,0.8182234209028326,0.46870777559035215,-0.6846223598381461,0.023299506540940734,descriptive_alignment_not_confounding_proof
MAP2K6+SPI1,MAP2K6,SPI1,0.04718004884918246,0.051589783277519306,1.0934660844127815,-1.2933117187871979,0.44957002821670045,0.6704998346134772,0.03827495955073595,descriptive_alignment_not_confounding_proof
DUSP9+MAPK1,DUSP9,MAPK1,0.043403270203358615,0.05593358518961889,1.2886951818964705,-1.3929291834926074,0.44364040370082497,0.666063363127582,0.04172059072138725,descriptive_alignment_not_confounding_proof
CNN1+UBASH3A,CNN1,UBASH3A,0.11038576302440738,0.060415957567409716,0.5473165733705274,1.4584227863715034,0.4168519977841392,-0.6456407652744204,0.04613611907805421,descriptive_alignment_not_confounding_proof
IGDCC3+MAPK1,IGDCC3,MAPK1,0.048763539180798406,0.04418173584827339,0.9060403857165233,-1.027528446159485,0.38691938556834105,0.6220284443402414,0.034594062585397156,descriptive_alignment_not_confounding_proof
CDKN1A+CDKN1C,CDKN1A,CDKN1C,0.07823838152066266,0.048724551231149445,0.6227704393179625,-1.132187184907096,0.3862416516740704,0.6214834283181414,0.03817214404824381,descriptive_alignment_not_confounding_proof
CEBPE+CNN1,CEBPE,CNN1,0.05873557000680768,0.05970799432529215,1.016555969719401,-1.3866746047607112,0.38583577196575025,0.6211568014324164,0.04679233758087736,descriptive_alignment_not_confounding_proof
CDKN1B+CDKN1C,CDKN1B,CDKN1C,0.06954313235492068,0.04624685125667132,0.6650096090099258,-1.0621003757448269,0.3772985348237669,0.6142463144568039,0.03649405419752746,descriptive_alignment_not_confounding_proof
CEBPE+SET,CEBPE,SET,0.06475290315939701,0.0820011399144982,1.266370091741564,-1.8814169520369453,0.37657254880075436,0.6136550731483887,0.06474598620708626,descriptive_alignment_not_confounding_proof
CBL+UBASH3B,CBL,UBASH3B,0.10144626446525569,0.04518136069494105,0.44537234498580486,1.0317884690068753,0.37306203875704846,-0.6107880473266063,0.03577433666699634,descriptive_alignment_not_confounding_proof
CNN1+UBASH3B,CNN1,UBASH3B,0.10911585774764242,0.040223959390483975,0.36863532231503776,0.9137150653309078,0.36912228672347913,-0.6075543487816372,0.03194901037179154,descriptive_alignment_not_confounding_proof
CEBPE+PTPN12,CEBPE,PTPN12,0.04943578250611895,0.06259172936668066,1.266121950409773,-1.3944215675448768,0.3550361801742134,0.5958491253448422,0.050267192217579616,descriptive_alignment_not_confounding_proof
CEBPE+KLF1,CEBPE,KLF1,0.051087609301856685,0.07171913951389401,1.4038460694086055,-1.581041201310732,0.34764386228984606,0.5896133159027585,0.057926521080805,descriptive_alignment_not_confounding_proof
IKZF3+MAPK1,IKZF3,MAPK1,0.08733387937573713,0.04886652391090156,0.5595368516800083,-1.0619139539482723,0.33781123788762824,0.5812153111262884,0.039765124813202206,descriptive_alignment_not_confounding_proof
MAPK1+PRTG,MAPK1,PRTG,0.05313632119192925,0.046286030379296454,0.871080822703374,-1.0005293941191178,0.33425519332112974,0.5781480721416701,0.03776624704420971,descriptive_alignment_not_confounding_proof
RHOXF2BB+SET,RHOXF2BB,SET,0.09158493073357417,0.04689111672793338,0.5119959839718865,-1.0078786388441041,0.33048645272699356,0.5748795114865318,0.038368097083007174,descriptive_alignment_not_confounding_proof
FEV+ISL2,FEV,ISL2,0.10044334691037134,0.04112491420533458,0.409433929377439,0.8762595279189856,0.3247684466896833,-0.5698845906757641,0.03379335955757434,descriptive_alignment_not_confounding_proof
CDKN1A+CDKN1B,CDKN1A,CDKN1B,0.07961229533423628,0.033761082694908864,0.42406870136289526,-0.7044822013454768,0.3114767614294262,0.5581010315609767,0.028014035014253327,descriptive_alignment_not_confounding_proof
BPGM+SAMD1,BPGM,SAMD1,0.07904828554875593,0.029021374849093586,0.36713477904835257,-0.601513899774672,0.3073078831279953,0.5543535723056138,0.02415394679464364,descriptive_alignment_not_confounding_proof
CEBPE+RUNX1T1,CEBPE,RUNX1T1,0.059133728815586484,0.04999762407380441,0.8455009530977865,-1.0336088849982523,0.30572578282123436,0.5529247533084718,0.04165957983988986,descriptive_alignment_not_confounding_proof
PTPN12+UBASH3A,PTPN12,UBASH3A,0.08886230476300201,0.04595755290737759,0.5171771431086278,0.9465369487115872,0.3034447884568299,-0.5508582289998306,0.038356120010217404,descriptive_alignment_not_confounding_proof
PTPN9+UBASH3B,PTPN9,UBASH3B,0.07646765924587651,0.027623247057123546,0.3612409132114649,0.5573311331758499,0.291202758085181,-0.5396320580591751,0.023256038469431903,descriptive_alignment_not_confounding_proof
CEBPE+ETS2,CEBPE,ETS2,0.08846189599975553,0.04806779263970275,0.5433728510616095,-0.9543917278548751,0.28200921939493206,0.5310454023856455,0.040729925231394765,descriptive_alignment_not_confounding_proof
CEBPE+ZC3HAV1,CEBPE,ZC3HAV1,0.04209047813037377,0.0662762551707942,1.57461397719232,-1.3141112134544095,0.28123324060689614,0.530314284747164,0.05618908415745006,descriptive_alignment_not_confounding_proof
OSR2+PTPN12,OSR2,PTPN12,0.03512295811471166,0.03678833788518902,1.0474157035702467,-0.7269697259655648,0.2793384050186547,0.528524743998476,0.031230278412865378,descriptive_alignment_not_confounding_proof
FOXF1+FOXL2,FOXF1,FOXL2,0.09300731064369319,0.044894947823447336,0.4827034295770346,0.8839897048761752,0.277343379675292,-0.5266340092277483,0.03816484157950962,descriptive_alignment_not_confounding_proof
IGDCC3+PRTG,IGDCC3,PRTG,0.07473064427285663,0.05022605230308826,0.6720944639484552,-0.9753273088678748,0.26974972548061776,0.51937435966807,0.0429205134809209,descriptive_alignment_not_confounding_proof
CEBPA+KLF1,CEBPA,KLF1,0.1392658086768967,0.07183394715059067,0.5158046173217494,-1.3926254988993558,0.26886084270227983,0.5185179290075511,0.061422820164148385,descriptive_alignment_not_confounding_proof
CEBPA+CEBPB,CEBPA,CEBPB,0.18116952445532147,0.10568248152288494,0.5833347625138106,-2.046105335556529,0.26814413515707325,0.5178263561823339,0.09040985674447719,descriptive_alignment_not_confounding_proof
CEBPB+PTPN12,CEBPB,PTPN12,0.060964895598605864,0.052147384148935785,0.8553673985152905,-0.9957209458434592,0.26081259580492766,0.5106981454880443,0.04483423944163504,descriptive_alignment_not_confounding_proof
CBFA2T3+FEV,CBFA2T3,FEV,0.1266438470928303,0.07430203012706789,0.5867006714712661,1.3851303371985566,0.24859835707241085,-0.49859638694279657,0.06440754567104036,descriptive_alignment_not_confounding_proof
CEBPB+MAPK1,CEBPB,MAPK1,0.09193761167078005,0.05506218285624698,0.5989081275400049,-1.01214443881756,0.24171103016388715,0.49164115995702307,0.04794803279568956,descriptive_alignment_not_confounding_proof
HOXC13+ZC3HAV1,HOXC13,ZC3HAV1,0.05280954476545722,0.0286174100584494,0.5418984425173095,-0.5196119878018224,0.23583920510065612,0.4856327883294704,0.025016278480851112,descriptive_alignment_not_confounding_proof
DUSP9+PRTG,DUSP9,PRTG,0.10060500570895083,0.03720737202063614,0.3698361901422347,-0.6686222697466101,0.23100533679775767,0.48063014553579314,0.032628015468778575,descriptive_alignment_not_confounding_proof
PTPN12+ZBTB10,PTPN12,ZBTB10,0.0778406592920456,0.03857653895753434,0.49558340471913764,-0.6927932959954636,0.2307167700518806,0.48032985546588763,0.03383501654681091,descriptive_alignment_not_confounding_proof
CBL+CNN1,CBL,CNN1,0.11155104973930352,0.04440410561006236,0.3980608493943842,0.7845616552462908,0.22331928814722896,-0.47256670232595627,0.03913311209251296,descriptive_alignment_not_confounding_proof
DUSP9+IGDCC3,DUSP9,IGDCC3,0.09562828846806662,0.03499685579333492,0.36596760596652844,-0.6134693260300831,0.21980925818875352,0.4688382004367323,0.03091216509348123,descriptive_alignment_not_confounding_proof
CEBPA+JUN,CEBPA,JUN,0.19801195241994854,0.06378491278052559,0.3221265787291921,-1.109837713392347,0.21657152590931286,0.4653724593369412,0.05645697986404798,descriptive_alignment_not_confounding_proof
PTPN12+SNAI1,PTPN12,SNAI1,0.049206543858173,0.029602997078708747,0.6016069156174196,-0.5049819109502691,0.20816063776614047,0.45624624685156634,0.02634233240351324,descriptive_alignment_not_confounding_proof
UBASH3B+ZBTB25,UBASH3B,ZBTB25,0.07638722628725236,0.02489414153231839,0.3258940367687204,0.4214866036568167,0.20506501510357947,-0.45284104838627365,0.02219539915485614,descriptive_alignment_not_confounding_proof
ETS2+IGDCC3,ETS2,IGDCC3,0.04882188885702463,0.032072274531495276,0.6569240822578422,-0.5406059515530008,0.20324527367935913,0.45082732135415116,0.028628070952450773,descriptive_alignment_not_confounding_proof
MAP2K3+MAP2K6,MAP2K3,MAP2K6,0.03025542368036462,0.025467986795873032,0.8417659942538313,0.4286441916948506,0.20263897775931833,-0.45015439324671525,0.02274165762964715,descriptive_alignment_not_confounding_proof
DLX2+SNAI1,DLX2,SNAI1,0.09707463826558659,0.046421025696162375,0.4781993167892014,0.7745969681040694,0.19917758057585264,-0.44629315542124626,0.041541564035627254,descriptive_alignment_not_confounding_proof
FEV+MAP7D1,FEV,MAP7D1,0.08680957817478696,0.03265904626547235,0.3762147789696076,0.541353209862051,0.19654987318307418,-0.44333945592860796,0.029274060079464183,descriptive_alignment_not_confounding_proof
FOSB+UBASH3B,FOSB,UBASH3B,0.03530322376388879,0.02626826839286108,0.7440756280090929,-0.43517220182123606,0.1963259612262138,0.443086855172001,0.02354894279564088,descriptive_alignment_not_confounding_proof
PTPN12+UBASH3B,PTPN12,UBASH3B,0.08309717002265282,0.02855071589704647,0.34358228913527816,0.4509054571143194,0.1784248373024954,-0.4224036426245581,0.025878592573675228,descriptive_alignment_not_confounding_proof
CEBPA+CEBPE,CEBPA,CEBPE,0.1909008801020992,0.1004774138516169,0.526332900078191,-1.5827686043355895,0.17750732888163667,0.4213161863513396,0.09112435489922834,descriptive_alignment_not_confounding_proof
PLK4+STIL,PLK4,STIL,0.06965339323549417,0.0465134991252136,0.6677851137553931,0.7311933061089866,0.17677657750458742,-0.4204480675476906,0.04220247013312399,descriptive_alignment_not_confounding_proof
BPGM+ZBTB1,BPGM,ZBTB1,0.07663926204669856,0.03150893059618187,0.41113301139281,-0.491066437043239,0.1737526788502447,0.4168365133361576,0.02864103419610507,descriptive_alignment_not_confounding_proof
FOXL2+POU3F2,FOXL2,POU3F2,0.0876864517869521,0.03574797526308167,0.407679573464062,0.5564128033356364,0.17330442972099924,-0.41629848633042044,0.03250306033351838,descriptive_alignment_not_confounding_proof
PTPN12+ZBTB25,PTPN12,ZBTB25,0.08469133180328628,0.02598479747375435,0.30681767449483016,0.399385057080503,0.16899088586011218,-0.41108501050283036,0.02368766376090294,descriptive_alignment_not_confounding_proof
CBFA2T3+PRDM1,CBFA2T3,PRDM1,0.11614728108785952,0.05724925461414639,0.4929022365219229,0.8710313501529432,0.16559462319766138,-0.40693319254843463,0.05229478520407582,descriptive_alignment_not_confounding_proof
FOXA1+FOXF1,FOXA1,FOXF1,0.06547628548147666,0.03115978772413626,0.4758942492690947,0.4713585523500329,0.1636937633952847,-0.4045908592581952,0.028495557499367684,descriptive_alignment_not_confounding_proof
IGDCC3+ZBTB25,IGDCC3,ZBTB25,0.09498921079125075,0.031219617223216582,0.32866487639133174,0.46185423143306104,0.15655719710374005,-0.39567309373236387,0.028671828637111322,descriptive_alignment_not_confounding_proof
CEBPB+LYL1,CEBPB,LYL1,0.06740275484400436,0.04948282314378893,0.7341365090835088,-0.7256168630300363,0.15382400924765893,0.3922040403255159,0.04551817264908031,descriptive_alignment_not_confounding_proof
CBFA2T3+POU3F2,CBFA2T3,POU3F2,0.06729476441689335,0.03222968972121314,0.47893309383697547,0.47261503737290195,0.15382295629065335,-0.39220269796452617,0.029647408953653014,descriptive_alignment_not_confounding_proof
FOXA1+HOXB9,FOXA1,HOXB9,0.08439752000760319,0.032513956760730114,0.38524777455310305,0.46677725826953953,0.1474341401616992,-0.3839715356139037,0.030021597130696,descriptive_alignment_not_confounding_proof
ELMSAN1+LHX1,ELMSAN1,LHX1,0.059652162985662,0.023669532313522947,0.3967925240064163,0.335526719105044,0.14374514931549237,-0.37913737525531876,0.021902374432460067,descriptive_alignment_not_confounding_proof
TBX2+TBX3,TBX2,TBX3,0.07511222857014052,0.026756472265000445,0.3562199228320725,-0.3773554214033871,0.1422858830140875,0.3772080102729627,0.02477993323546811,descriptive_alignment_not_confounding_proof
CNN1+MAPK1,CNN1,MAPK1,0.05085738649837842,0.03434388511378096,0.6752978766393356,-0.47763105503187747,0.13835810301335363,0.37196519059362754,0.031879597299198946,descriptive_alignment_not_confounding_proof
KLF1+MAP2K6,KLF1,MAP2K6,0.05425546787626706,0.021509147575313213,0.3964420254261958,0.2982144115344921,0.13750838698157206,-0.3708212331859815,0.01997563710347939,descriptive_alignment_not_confounding_proof
CBL+UBASH3A,CBL,UBASH3A,0.08073371275931326,0.05141689760626969,0.6368702224751623,0.6818580030139024,0.12580400832649474,-0.3546886075510387,0.04807400165195515,descriptive_alignment_not_confounding_proof
CEBPE+SPI1,CEBPE,SPI1,0.16440740044204655,0.05432556725252185,0.3304326149945517,-0.7152860691859948,0.12401360308502754,0.35215565178629116,0.05084555015989706,descriptive_alignment_not_confounding_proof
ETS2+TGFBR2,ETS2,TGFBR2,0.03569313380615855,0.01850096843604222,0.5183341013573325,-0.23804658274261706,0.11842770408545886,0.3441332650085703,0.01737094435313758,descriptive_alignment_not_confounding_proof
FOXA3+FOXL2,FOXA3,FOXL2,0.11444782712274294,0.05753133826585388,0.5026861558861463,0.7344697481345062,0.11658889963820722,-0.34145116728195146,0.05407367699656289,descriptive_alignment_not_confounding_proof
FOXF1+HOXB9,FOXF1,HOXB9,0.0751888080483648,0.0291107949609815,0.38716925718859835,0.3684678556234661,0.11460654351002,-0.33853588216025193,0.02739190390091793,descriptive_alignment_not_confounding_proof
ETS2+PRTG,ETS2,PRTG,0.05579384865594924,0.03051516826957411,0.5469271076412885,-0.3809060690790685,0.11146090838685332,0.3338576169370011,0.02876431518450594,descriptive_alignment_not_confounding_proof
ETS2+MAPK1,ETS2,MAPK1,0.10128844707765149,0.034894557773664535,0.344506790067707,0.4296895140232931,0.10847070050825076,-0.32934890391232624,0.032947730810538006,descriptive_alignment_not_confounding_proof
C3orf72+FOXL2,C3orf72,FOXL2,0.07713066112272761,0.060443909571769136,0.7836560544397889,-0.7389099121234671,0.106904557956188,0.3269626247083725,0.05712174730117664,descriptive_alignment_not_confounding_proof
CEBPA+ZC3HAV1,CEBPA,ZC3HAV1,0.16580770953414076,0.04560019847920651,0.275018565827406,-0.5529144775633105,0.10517215891202256,0.32430257308880944,0.043135662939502835,descriptive_alignment_not_confounding_proof
IKZF3+MAP2K6,IKZF3,MAP2K6,0.09452963627566911,0.027273670699619078,0.28851978886370705,-0.32799944643953943,0.10346116584658895,0.3216537981224362,0.025824275461221503,descriptive_alignment_not_confounding_proof
ELMSAN1+ZBTB10,ELMSAN1,ZBTB10,0.09423947777132359,0.03826952749292292,0.4060880683760333,0.4524656311950919,0.09999616024040804,-0.31622169476556805,0.03630573900396733,descriptive_alignment_not_confounding_proof
CNN1+ETS2,CNN1,ETS2,0.04299994777756905,0.023296656680816864,0.541783371489804,-0.27179108263368584,0.09736470211884846,0.3120331747087935,0.022133482725809422,descriptive_alignment_not_confounding_proof
CBL+PTPN9,CBL,PTPN9,0.07699531095998738,0.029117846350433886,0.3781768784019294,0.3381266209887687,0.09646251048063048,-0.31058414396203565,0.027677849182074207,descriptive_alignment_not_confounding_proof
FOXL2+HOXB9,FOXL2,HOXB9,0.09951090652377481,0.03954125304308208,0.39735597257005206,0.4585482832031508,0.09620277942325683,-0.31016572896317357,0.037591177395338224,descriptive_alignment_not_confounding_proof
IKZF3+MAP2K3,IKZF3,MAP2K3,0.09777799918364273,0.033075886029742124,0.33827534113906665,-0.38041144250510095,0.09462426113490725,0.3076105673329628,0.031472113812678344,descriptive_alignment_not_confounding_proof
KLF1+TGFBR2,KLF1,TGFBR2,0.06234144382112887,0.01913768378959491,0.30698172221524217,0.2190527906383509,0.09372105378236383,-0.3061389452231843,0.018218823142758286,descriptive_alignment_not_confounding_proof
DUSP9+ETS2,DUSP9,ETS2,0.06450965755348906,0.03703537653717583,0.5741059236978192,-0.41742207173661955,0.0908731580488378,0.30145175078084685,0.03531254387052054,descriptive_alignment_not_confounding_proof
FOXL2+MEIS1,FOXL2,MEIS1,0.06899196119812674,0.026551559140137973,0.3848500416430965,0.2904141709298864,0.08558031545143532,-0.29254113463141435,0.025390006479482693,descriptive_alignment_not_confounding_proof
AHR+FEV,AHR,FEV,0.12414313904782859,0.05425585365492571,0.43704270788595556,0.5831679823485934,0.08264421775256656,-0.2874790735906991,0.05196554691099688,descriptive_alignment_not_confounding_proof
SGK1+TBX2,SGK1,TBX2,0.0802244463703419,0.025658231513453627,0.3198305837475894,-0.2732211715517569,0.08111358399543922,0.2848044662491079,0.024595612099802367,descriptive_alignment_not_confounding_proof
IRF1+SET,IRF1,SET,0.10107558965816124,0.04210209639719302,0.4165406953309179,-0.44322549595992233,0.07927940065651527,0.28156597922425797,0.04039872428726903,descriptive_alignment_not_confounding_proof
FOSB+PTPN12,FOSB,PTPN12,0.04061380266527509,0.0351582812701875,0.8656732185348387,-0.3650635250641124,0.07712584675990244,0.27771540605429595,0.03377527375126193,descriptive_alignment_not_confounding_proof
PTPN12+PTPN9,PTPN12,PTPN9,0.07708634242259724,0.025571943791767995,0.3317311859418535,0.2614618204261994,0.074783779541925,-0.2734662310815085,0.024597182316402462,descriptive_alignment_not_confounding_proof
FOXA3+HOXB9,FOXA3,HOXB9,0.09776196798373755,0.03727102826617793,0.3812426144324127,0.38029787313543856,0.07447720593550046,-0.2729051225893359,0.03585625552953615,descriptive_alignment_not_confounding_proof
ETS2+IKZF3,ETS2,IKZF3,0.1063271395818934,0.03246457398306464,0.305327258033311,-0.3273584953101793,0.07273545279078382,0.26969511080252057,0.03126162404431795,descriptive_alignment_not_confounding_proof
ELMSAN1+MAP2K3,ELMSAN1,MAP2K3,0.05093510057955234,0.02166648838595728,0.42537441056227526,0.21777041780110945,0.07226683643964532,-0.26882491781761103,0.020868924562363424,descriptive_alignment_not_confounding_proof
ETS2+MAP7D1,ETS2,MAP7D1,0.06699433552247025,0.027681038946397524,0.41318476749594985,0.2777550071687179,0.07202401912261017,-0.2683729105603062,0.026665562786232645,descriptive_alignment_not_confounding_proof
CEBPB+FOSB,CEBPB,FOSB,0.14774389772357194,0.06377389157879998,0.4316516117513063,0.638882615542947,0.07179176572437429,-0.26793985467707915,0.0614420401098545,descriptive_alignment_not_confounding_proof
CBL+TGFBR2,CBL,TGFBR2,0.06101414659657832,0.02397984990528617,0.3930211474371578,0.23782524522125326,0.07036250897855835,-0.2652593240181358,0.02312082227512559,descriptive_alignment_not_confounding_proof
CEBPB+CEBPE,CEBPB,CEBPE,0.14190172084534095,0.06614894320996881,0.4661602608897514,-0.6426302144768439,0.0675141481856885,0.2598348479047575,0.06387693009528783,descriptive_alignment_not_confounding_proof
KLF1+SET,KLF1,SET,0.0725915294208938,0.04011476236798699,0.5526094117041828,-0.3799926651555178,0.06418895584959267,0.25335539435660853,0.03880594886046041,descriptive_alignment_not_confounding_proof
ELMSAN1+MAP2K6,ELMSAN1,MAP2K6,0.03812874235689035,0.017979615842554118,0.47155019366394,0.1675344469957527,0.06211060333570114,-0.24921998983970192,0.0174123032124032,descriptive_alignment_not_confounding_proof
MAPK1+TGFBR2,MAPK1,TGFBR2,0.058724628387480673,0.01937439838157235,0.32991947183956505,-0.17963945805076395,0.06149861748144211,0.2479891479106336,0.01876919662298589,descriptive_alignment_not_confounding_proof
SNAI1+UBASH3B,SNAI1,UBASH3B,0.05105838621707028,0.02138547595606976,0.41884355422341923,-0.19796566152318543,0.061299964321742076,0.24758829601122523,0.020719646307700224,descriptive_alignment_not_confounding_proof
CEBPE+FOSB,CEBPE,FOSB,0.1335916530929352,0.04661504544111416,0.34893681125935055,0.4214214338619391,0.05846545697564608,-0.24179631299018206,0.04523183854516586,descriptive_alignment_not_confounding_proof
SGK1+TBX3,SGK1,TBX3,0.08288565069449717,0.026813624704869875,0.32350140802658917,-0.2418550016079245,0.058199254915120666,0.24124521739325872,0.026021662594163383,descriptive_alignment_not_confounding_proof
SAMD1+ZBTB1,SAMD1,ZBTB1,0.0925314186052576,0.028274142154408276,0.3055626140892403,-0.24986807046178017,0.05586772456508686,0.23636354322332973,0.027472985653568077,descriptive_alignment_not_confounding_proof
KIF18B+KIF2C,KIF18B,KIF2C,0.03570360803047401,0.03267383193270424,0.9151408985001244,-0.2673065536096794,0.04787815463506667,0.21881077358088807,0.03188205712753143,descriptive_alignment_not_confounding_proof
DLX2+ZBTB10,DLX2,ZBTB10,0.13624945749510312,0.0654453930706882,0.48033507269590664,0.5305903002497159,0.04701958409442454,-0.2168399965283724,0.0638882611930082,descriptive_alignment_not_confounding_proof
DUSP9+SNAI1,DUSP9,SNAI1,0.11147236918829438,0.06354523888320947,0.5700537213474988,0.4742639554985539,0.03984671617999134,-0.1996164226209641,0.06226633479657773,descriptive_alignment_not_confounding_proof
FOXA1+FOXA3,FOXA1,FOXA3,0.08090452044389024,0.03052319667106076,0.3772743043725169,0.1969170762398946,0.029773168774379213,-0.1725490329569518,0.030065377094006727,descriptive_alignment_not_confounding_proof
CBL+PTPN12,CBL,PTPN12,0.08605925616060778,0.028224010583962105,0.3279601967659254,0.17924158395294934,0.028850837530688712,-0.1698553429559656,0.0278138876652867,descriptive_alignment_not_confounding_proof
CEBPB+OSR2,CEBPB,OSR2,0.10523375266760604,0.042633509077593126,0.40513150958567823,-0.2606478822351345,0.026737732420900554,0.16351676495362963,0.04205968572687209,descriptive_alignment_not_confounding_proof
SAMD1+TGFBR2,SAMD1,TGFBR2,0.07078626637192476,0.03253227766634254,0.4595845964725933,0.18409932813426597,0.022908349371877034,-0.15135504409129227,0.03215748838832436,descriptive_alignment_not_confounding_proof
BAK1+BCL2L11,BAK1,BCL2L11,0.020173049960076725,0.02109050141938294,1.0454790654423545,-0.11382106111838856,0.020834821380888383,0.14434272195330247,0.0208696365288463,descriptive_alignment_not_confounding_proof
FOXA1+KLF1,FOXA1,KLF1,0.06514977152373701,0.03454955361420556,0.5303096665752326,0.1839672824718128,0.020282180179486856,-0.14241551944744946,0.03419738866288196,descriptive_alignment_not_confounding_proof
FOXA1+FOXL2,FOXA1,FOXL2,0.07677885660342594,0.03380289966383086,0.44026312918969085,0.16820626862015073,0.017713108077959165,-0.13309060101284076,0.033502184858100276,descriptive_alignment_not_confounding_proof
COL2A1+KLF1,COL2A1,KLF1,0.07519916913747816,0.04317568235425015,0.5741510557825036,-0.21136894750184287,0.0171443996285322,0.13093662447356813,0.042803971701259075,descriptive_alignment_not_confounding_proof
SAMD1+UBASH3B,SAMD1,UBASH3B,0.08208111956478815,0.02485893674412376,0.30285815880596195,0.12051308316075363,0.016812086965826045,-0.12966143206762,0.02464908569379225,descriptive_alignment_not_confounding_proof
BAK1+KLF1,BAK1,KLF1,0.055526229242560836,0.01416878132402218,0.25517276280597523,0.06372204366689908,0.014468807147819198,-0.12028635478648109,0.014065905162063042,descriptive_alignment_not_confounding_proof
DUSP9+KLF1,DUSP9,KLF1,0.10183802524993575,0.032899781213136775,0.3230598897847102,0.13955854563242712,0.012871974823883615,-0.11345472587725737,0.032687352828115974,descriptive_alignment_not_confounding_proof
IER5L+LYL1,IER5L,LYL1,0.07437149328853274,0.02991981806654193,0.40230223629455125,0.11642147317553063,0.010830951613886438,-0.10407185793424868,0.029757346888579228,descriptive_alignment_not_confounding_proof
FOSB+OSR2,FOSB,OSR2,0.09682737856483004,0.03160680763470638,0.32642428312302474,0.11975380593813159,0.010269178776557848,-0.10133695661779986,0.03144410086144955,descriptive_alignment_not_confounding_proof
MAP2K3+SLC38A2,MAP2K3,SLC38A2,0.033224845991978204,0.0200382148373967,0.6031093369773548,0.07415326976378117,0.009796273152009594,-0.09897612415128,0.01993982336389209,descriptive_alignment_not_confounding_proof
BCL2L11+TGFBR2,BCL2L11,TGFBR2,0.028700636682977166,0.015283825361154496,0.532525655440236,0.04982452026753744,0.007602220287514174,-0.08719071216313225,0.015225619022135295,descriptive_alignment_not_confounding_proof
PTPN12+SAMD1,PTPN12,SAMD1,0.08554810036255098,0.026682444423939352,0.3118999055602607,-0.08586438059038712,0.007407867182586958,0.08606896759336059,0.026583430710771558,descriptive_alignment_not_confounding_proof
S1PR2+SGK1,S1PR2,SGK1,0.09022228466311791,0.039568647599298894,0.43856845065545336,-0.11898057806530432,0.006467971041966819,0.08042369701752598,0.039440475576429615,descriptive_alignment_not_confounding_proof
CEBPB+JUN,CEBPB,JUN,0.11750777404776648,0.05094024023967118,0.43350527786326853,-0.15120485795919977,0.006302717519438025,0.07938965624965273,0.05077945552175136,descriptive_alignment_not_confounding_proof
RHOXF2BB+ZBTB25,RHOXF2BB,ZBTB25,0.09234577676501426,0.030208192443041765,0.3271204542456815,-0.07874087277901008,0.004860369662695882,0.0697163514729212,0.030134691532800753,descriptive_alignment_not_confounding_proof
BAK1+TMSB4X,BAK1,TMSB4X,0.03909997772558386,0.0154457742802174,0.3950328153284583,0.03981036194671113,0.00475216176706495,-0.06893592508311577,0.015409030165739112,descriptive_alignment_not_confounding_proof
UBASH3A+UBASH3B,UBASH3A,UBASH3B,0.04672823429652671,0.018635796045924812,0.39881233105591585,0.04176467908791036,0.0035928636121313993,-0.05994050059960626,0.01860228798462031,descriptive_alignment_not_confounding_proof
FOXA3+FOXF1,FOXA3,FOXF1,0.06876234875049389,0.030618511988419642,0.4452801939549763,0.06521701479471106,0.0032454281693941023,-0.05696865953657417,0.030568786519866963,descriptive_alignment_not_confounding_proof
PRTG+TGFBR2,PRTG,TGFBR2,0.06916345186581661,0.023655759883125915,0.34202688334613834,0.04441743691185035,0.002522037346525319,-0.05021988994935492,0.023625910696110676,descriptive_alignment_not_confounding_proof
IGDCC3+TGFBR2,IGDCC3,TGFBR2,0.06023382099345889,0.02195559981187842,0.36450617692446735,-0.03859205798406221,0.0022101593978091664,0.047012332401287715,0.021931323703311963,descriptive_alignment_not_confounding_proof
FOXL2+ZNF318,FOXL2,ZNF318,0.053018956478786156,0.025841249317223244,0.48739641504567893,0.03879899887934484,0.0016126211770308195,-0.04015745481265988,0.025820404837325197,descriptive_alignment_not_confounding_proof
SNAI1+ZBTB10,SNAI1,ZBTB10,0.1259059501301351,0.053386302957676025,0.42401731532541936,-0.057503803482401285,0.0008299497159894243,0.02880884787681423,0.0533641443856078,descriptive_alignment_not_confounding_proof
CLDN6+KLF1,CLDN6,KLF1,0.09286739991680766,0.039934192474369294,0.4300130348232327,-0.004973042890274011,1.109361085716905e-05,0.0033307072608034843,0.03993397096655936,descriptive_alignment_not_confounding_proof
