cell_barcode,condition,canonical_perturbation,n_targets,barcode_group,B_heldout_combination,control,cell_type,dose_val,condition_name,stored_cell_type_is_dummy
AAACCTGAGGCATGTG-1,TSC22D1+ctrl,TSC22D1,1,1,train,0,A549,1+1,A549_TSC22D1+ctrl_1+1,True
AAACCTGAGGCCCTTG-1,KLF1+MAP2K6,KLF1+MAP2K6,2,1,test,0,A549,1+1,A549_KLF1+MAP2K6_1+1,True
AAACCTGCACGAAGCA-1,ctrl,ctrl,0,1,train,1,A549,1,A549_ctrl_1,True
AAACCTGCAGACGTAG-1,CEBPE+RUNX1T1,CEBPE+RUNX1T1,2,1,train,0,A549,1+1,A549_CEBPE+RUNX1T1_1+1,True
AAACCTGCAGCCTTGG-1,MAML2+ctrl,MAML2,1,1,train,0,A549,1+1,A549_MAML2+ctrl_1+1,True
AAACCTGCATCTCCCA-1,ctrl+CEBPE,CEBPE,1,1,train,0,A549,1+1,A549_ctrl+CEBPE_1+1,True
AAACCTGGTATAATGG-1,ctrl,ctrl,0,1,train,1,A549,1,A549_ctrl_1,True
AAACCTGGTATCGCAT-1,CBL+PTPN9,CBL+PTPN9,2,1,train,0,A549,1+1,A549_CBL+PTPN9_1+1,True
AAACCTGGTCCATCCT-1,TGFBR2+ETS2,ETS2+TGFBR2,2,1,train,0,A549,1+1,A549_TGFBR2+ETS2_1+1,True
AAACCTGGTCCGAAGA-1,SGK1+TBX3,SGK1+TBX3,2,1,test,0,A549,1+1,A549_SGK1+TBX3_1+1,True
AAACCTGGTCTGATTG-1,DUSP9+ctrl,DUSP9,1,1,train,0,A549,1+1,A549_DUSP9+ctrl_1+1,True
AAACCTGGTTCACCTC-1,MAP2K6+SPI1,MAP2K6+SPI1,2,1,train,0,A549,1+1,A549_MAP2K6+SPI1_1+1,True
