split,canonical_perturbation,n_targets
train,AHR,1
train,ARID1A,1
train,ARRDC3,1
train,ATL1,1
train,BAK1,1
train,BCL2L11,1
train,BCORL1,1
train,BPGM,1
train,C19orf26,1
train,C3orf72,1
train,CBFA2T3,1
train,CBL,1
train,CDKN1A,1
train,CDKN1B,1
train,CDKN1C,1
train,CEBPA,1
train,CEBPB,1
train,CEBPE,1
train,CELF2,1
train,CITED1,1
train,CKS1B,1
train,CLDN6,1
train,CNN1,1
train,CNNM4,1
train,COL1A1,1
train,COL2A1,1
train,CSRNP1,1
train,DLX2,1
train,DUSP9,1
train,EGR1,1
train,ELMSAN1,1
train,ETS2,1
train,FEV,1
train,FOSB,1
train,FOXA1,1
train,FOXA3,1
train,FOXF1,1
train,FOXL2,1
train,FOXO4,1
train,GLB1L2,1
train,HES7,1
train,HK2,1
train,HNF4A,1
train,HOXA13,1
train,HOXB9,1
train,HOXC13,1
train,IER5L,1
train,IGDCC3,1
train,IKZF3,1
train,IRF1,1
train,ISL2,1
train,JUN,1
train,KIAA1804,1
train,KIF18B,1
train,KIF2C,1
train,KLF1,1
train,KMT2A,1
train,LHX1,1
train,LYL1,1
train,MAML2,1
train,MAP2K3,1
train,MAP2K6,1
train,MAP4K3,1
train,MAP4K5,1
train,MAP7D1,1
train,MAPK1,1
train,MEIS1,1
train,MIDN,1
train,NCL,1
train,NIT1,1
train,OSR2,1
train,PLK4,1
train,POU3F2,1
train,PRDM1,1
train,PRTG,1
train,PTPN1,1
train,PTPN12,1
train,PTPN13,1
train,PTPN9,1
train,RHOXF2BB,1
train,RREB1,1
train,RUNX1T1,1
train,S1PR2,1
train,SAMD1,1
train,SET,1
train,SGK1,1
train,SLC38A2,1
train,SLC4A1,1
train,SLC6A9,1
train,SNAI1,1
train,SPI1,1
train,STIL,1
train,TBX2,1
train,TBX3,1
train,TGFBR2,1
train,TMSB4X,1
train,TP73,1
train,TSC22D1,1
train,UBASH3A,1
train,UBASH3B,1
train,ZBTB1,1
train,ZBTB10,1
train,ZBTB25,1
train,ZC3HAV1,1
train,ZNF318,1
train,AHR+FEV,2
train,BAK1+BCL2L11,2
train,BCL2L11+TGFBR2,2
train,BPGM+SAMD1,2
train,C19orf26+TGFBR2,2
train,CBL+PTPN12,2
train,CBL+PTPN9,2
train,CBL+TGFBR2,2
train,CBL+UBASH3A,2
train,CBL+UBASH3B,2
train,CDKN1A+CDKN1B,2
train,CDKN1A+CDKN1C,2
train,CDKN1B+CDKN1C,2
train,CEBPA+JUN,2
train,CEBPA+KLF1,2
train,CEBPB+FOSB,2
train,CEBPB+JUN,2
train,CEBPB+MAPK1,2
train,CEBPB+OSR2,2
train,CEBPB+PTPN12,2
train,CEBPE+CNN1,2
train,CEBPE+ETS2,2
train,CEBPE+KLF1,2
train,CEBPE+RUNX1T1,2
train,CEBPE+SPI1,2
train,CLDN6+KLF1,2
train,CNN1+ETS2,2
train,CNN1+MAPK1,2
train,CNN1+UBASH3A,2
train,CNN1+UBASH3B,2
train,DLX2+ZBTB10,2
train,DUSP9+IGDCC3,2
train,DUSP9+KLF1,2
train,DUSP9+MAPK1,2
train,DUSP9+PRTG,2
train,DUSP9+SNAI1,2
train,ELMSAN1+LHX1,2
train,ELMSAN1+MAP2K3,2
train,ELMSAN1+MAP2K6,2
train,ELMSAN1+ZBTB10,2
train,ETS2+IKZF3,2
train,ETS2+MAP7D1,2
train,ETS2+MAPK1,2
train,ETS2+TGFBR2,2
train,FOSB+IKZF3,2
train,FOSB+OSR2,2
train,FOSB+PTPN12,2
train,FOSB+UBASH3B,2
train,FOXA1+FOXA3,2
train,FOXA1+FOXF1,2
train,FOXA1+HOXB9,2
train,FOXL2+ZNF318,2
train,HOXC13+ZC3HAV1,2
train,IGDCC3+PRTG,2
train,IGDCC3+TGFBR2,2
train,IKZF3+MAP2K3,2
train,IKZF3+MAP2K6,2
train,IRF1+SET,2
train,KIF18B+KIF2C,2
train,KLF1+SET,2
train,MAP2K3+SLC38A2,2
train,MAP2K6+SPI1,2
train,MAPK1+TGFBR2,2
train,OSR2+PTPN12,2
train,PLK4+STIL,2
train,PRTG+TGFBR2,2
train,PTPN12+SAMD1,2
train,PTPN12+SNAI1,2
train,PTPN12+ZBTB10,2
train,PTPN12+ZBTB25,2
train,PTPN9+UBASH3B,2
train,RHOXF2BB+SET,2
train,RHOXF2BB+ZBTB25,2
train,S1PR2+SGK1,2
train,SAMD1+TGFBR2,2
train,SAMD1+ZBTB1,2
train,SGK1+TBX2,2
train,UBASH3A+UBASH3B,2
train,UBASH3B+ZBTB25,2
validation,BAK1+KLF1,2
validation,BAK1+TMSB4X,2
validation,BPGM+ZBTB1,2
validation,CBFA2T3+FEV,2
validation,CEBPA+CEBPE,2
validation,CEBPA+ZC3HAV1,2
validation,CEBPB+CEBPE,2
validation,COL2A1+KLF1,2
validation,ETS2+IGDCC3,2
validation,ETS2+PRTG,2
validation,FEV+ISL2,2
validation,FEV+MAP7D1,2
validation,FOXA1+KLF1,2
validation,FOXA3+FOXF1,2
validation,FOXL2+HOXB9,2
validation,IER5L+LYL1,2
validation,IGDCC3+MAPK1,2
validation,IGDCC3+ZBTB25,2
validation,KLF1+TGFBR2,2
validation,MAPK1+PRTG,2
validation,OSR2+UBASH3B,2
validation,PTPN12+PTPN9,2
validation,PTPN12+UBASH3A,2
validation,PTPN12+UBASH3B,2
validation,SAMD1+UBASH3B,2
validation,SNAI1+ZBTB10,2
test,AHR+KLF1,2
test,C3orf72+FOXL2,2
test,CBFA2T3+POU3F2,2
test,CBFA2T3+PRDM1,2
test,CBL+CNN1,2
test,CEBPA+CEBPB,2
test,CEBPB+LYL1,2
test,CEBPE+FOSB,2
test,CEBPE+PTPN12,2
test,CEBPE+SET,2
test,CEBPE+ZC3HAV1,2
test,DLX2+SNAI1,2
test,DUSP9+ETS2,2
test,FOXA1+FOXL2,2
test,FOXA3+FOXL2,2
test,FOXA3+HOXB9,2
test,FOXF1+FOXL2,2
test,FOXF1+HOXB9,2
test,FOXL2+MEIS1,2
test,FOXL2+POU3F2,2
test,IKZF3+MAPK1,2
test,KLF1+MAP2K6,2
test,MAP2K3+MAP2K6,2
test,SGK1+TBX3,2
test,SNAI1+UBASH3B,2
test,TBX2+TBX3,2
